-- phpMyAdmin SQL Dump
-- version 3.5.1
-- http://www.phpmyadmin.net
--
-- Darbinė stotis: localhost
-- Atlikimo laikas: 2013 m. Bir 18 d. 06:58
-- Serverio versija: 5.5.24-log
-- PHP versija: 5.3.13

SET SQL_MODE="NO_AUTO_VALUE_ON_ZERO";
SET time_zone = "+00:00";


/*!40101 SET @OLD_CHARACTER_SET_CLIENT=@@CHARACTER_SET_CLIENT */;
/*!40101 SET @OLD_CHARACTER_SET_RESULTS=@@CHARACTER_SET_RESULTS */;
/*!40101 SET @OLD_COLLATION_CONNECTION=@@COLLATION_CONNECTION */;
/*!40101 SET NAMES utf8 */;

--
-- Duomenų bazė: `realsearch`
--
CREATE DATABASE `realsearch` DEFAULT CHARACTER SET utf8 COLLATE utf8_lithuanian_ci;
USE `realsearch`;

-- --------------------------------------------------------

--
-- Sukurta duomenų struktūra lentelei `contact_infos`
--

CREATE TABLE IF NOT EXISTS `contact_infos` (
  `id` int(11) NOT NULL AUTO_INCREMENT,
  `user_id` int(11) DEFAULT NULL,
  `name` varchar(255) COLLATE utf8_lithuanian_ci DEFAULT NULL,
  `surname` varchar(255) COLLATE utf8_lithuanian_ci DEFAULT NULL,
  `e-mail` varchar(255) COLLATE utf8_lithuanian_ci DEFAULT NULL,
  `mobile` varchar(255) COLLATE utf8_lithuanian_ci DEFAULT NULL,
  `land_phone` varchar(255) COLLATE utf8_lithuanian_ci DEFAULT NULL,
  `attached_to` varchar(255) COLLATE utf8_lithuanian_ci DEFAULT NULL,
  `attached_id` int(11) DEFAULT NULL,
  PRIMARY KEY (`id`)
) ENGINE=InnoDB  DEFAULT CHARSET=utf8 COLLATE=utf8_lithuanian_ci AUTO_INCREMENT=4 ;

--
-- Sukurta duomenų kopija lentelei `contact_infos`
--

INSERT INTO `contact_infos` (`id`, `user_id`, `name`, `surname`, `e-mail`, `mobile`, `land_phone`, `attached_to`, `attached_id`) VALUES
(3, 1, 'Demo', 'Demo', 'demo@example.com', NULL, '+888888888888888', 'User', 1);

-- --------------------------------------------------------

--
-- Sukurta duomenų struktūra lentelei `emails`
--

CREATE TABLE IF NOT EXISTS `emails` (
  `id` int(11) NOT NULL AUTO_INCREMENT,
  `subject` varchar(255) COLLATE utf8_lithuanian_ci NOT NULL,
  `message` text COLLATE utf8_lithuanian_ci,
  `is_sent` tinyint(1) DEFAULT NULL,
  `to_` varchar(255) COLLATE utf8_lithuanian_ci DEFAULT NULL,
  PRIMARY KEY (`id`)
) ENGINE=InnoDB  DEFAULT CHARSET=utf8 COLLATE=utf8_lithuanian_ci AUTO_INCREMENT=4 ;

--
-- Sukurta duomenų kopija lentelei `emails`
--

INSERT INTO `emails` (`id`, `subject`, `message`, `is_sent`, `to_`) VALUES
(1, 'Notification: reals found', 'There are <a href="http://localhost/realsearch/?real_search&searchable=Real&search_agent=5&reals%5Bcity%5D=Vilnius&reals%5Bhas_parking%5D=1" target="_blank">reals</a> you might be interested in.\r\n<p> <a href="http://localhost/realsearch/?search_agent=5&view" target="_blank">Your search agent</a>', 1, 'demo@example.com'),
(2, 'Notification: reals found', 'There are <a href="http://localhost/realsearch/?real_search&searchable=Real&search_agent=6&reals%5Bcity%5D=Vilnius&reals%5Bhas_garage%5D=1" target="_blank">reals</a> you might be interested in.\n<p> <a href="http://localhost/realsearch/?search_agent=6&view" target="_blank">Your search agent</a>', 1, 'demo@example.com'),
(3, 'Notification: reals found', 'There are <a href="http://localhost/realsearch/?real_search&searchable=Real&search_agent=6&reals%5Bcity%5D=Vilnius&reals%5Bhas_garage%5D=1" target="_blank">reals</a> you might be interested in.\r\n<p> <a href="http://localhost/realsearch/?search_agent=6&view" target="_blank">Your search agent</a>', 1, 'demo@example.com');

-- --------------------------------------------------------

--
-- Sukurta duomenų struktūra lentelei `exchange_rates`
--

CREATE TABLE IF NOT EXISTS `exchange_rates` (
  `id` int(11) NOT NULL AUTO_INCREMENT,
  `ratedate` date DEFAULT NULL,
  `from_currency` char(3) COLLATE utf8_lithuanian_ci DEFAULT NULL,
  `to_currency` char(3) COLLATE utf8_lithuanian_ci NOT NULL,
  `quantity` int(11) DEFAULT NULL,
  `rate` decimal(12,5) DEFAULT NULL,
  PRIMARY KEY (`id`),
  KEY `ratedate` (`ratedate`),
  KEY `ratedate_2` (`ratedate`),
  KEY `ratedate_3` (`ratedate`)
) ENGINE=InnoDB  DEFAULT CHARSET=utf8 COLLATE=utf8_lithuanian_ci AUTO_INCREMENT=1411 ;

--
-- Sukurta duomenų kopija lentelei `exchange_rates`
--

INSERT INTO `exchange_rates` (`id`, `ratedate`, `from_currency`, `to_currency`, `quantity`, `rate`) VALUES
(265, '2013-05-23', 'LTL', 'AED', 10, '7.30620'),
(266, '2013-05-23', 'LTL', 'AFN', 100, '4.89340'),
(267, '2013-05-23', 'LTL', 'ALL', 100, '2.44860'),
(268, '2013-05-23', 'LTL', 'AMD', 1000, '6.43150'),
(269, '2013-05-23', 'LTL', 'ARS', 10, '5.12990'),
(270, '2013-05-23', 'LTL', 'AUD', 1, '2.61430'),
(271, '2013-05-23', 'LTL', 'AZN', 1, '3.42330'),
(272, '2013-05-23', 'LTL', 'BAM', 1, '1.76180'),
(273, '2013-05-23', 'LTL', 'BDT', 100, '3.43960'),
(274, '2013-05-23', 'LTL', 'BGN', 1, '1.76560'),
(275, '2013-05-23', 'LTL', 'BHD', 1, '7.11820'),
(276, '2013-05-23', 'LTL', 'BYR', 10000, '3.07730'),
(277, '2013-05-23', 'LTL', 'BOB', 10, '3.82820'),
(278, '2013-05-23', 'LTL', 'BRL', 1, '1.32480'),
(279, '2013-05-23', 'LTL', 'CAD', 1, '2.60250'),
(280, '2013-05-23', 'LTL', 'CHF', 1, '2.75570'),
(281, '2013-05-23', 'LTL', 'CLP', 1000, '5.59130'),
(282, '2013-05-23', 'LTL', 'CNY', 10, '4.35820'),
(283, '2013-05-23', 'LTL', 'COP', 1000, '1.45830'),
(284, '2013-05-23', 'LTL', 'CZK', 10, '1.32600'),
(285, '2013-05-23', 'LTL', 'DKK', 10, '4.63310'),
(286, '2013-05-23', 'LTL', 'DZD', 100, '3.36050'),
(287, '2013-05-23', 'LTL', 'EGP', 10, '3.84690'),
(288, '2013-05-23', 'LTL', 'ETB', 10, '1.44050'),
(289, '2013-05-23', 'LTL', 'EUR', 1, '3.45280'),
(290, '2013-05-23', 'LTL', 'GBP', 1, '4.04760'),
(291, '2013-05-23', 'LTL', 'GEL', 1, '1.64250'),
(292, '2013-05-23', 'LTL', 'GNF', 10000, '3.80050'),
(293, '2013-05-23', 'LTL', 'HKD', 10, '3.45670'),
(294, '2013-05-23', 'LTL', 'HRK', 10, '4.56050'),
(295, '2013-05-23', 'LTL', 'HUF', 100, '1.19240'),
(296, '2013-05-23', 'LTL', 'IDR', 10000, '2.74880'),
(297, '2013-05-23', 'LTL', 'YER', 100, '1.24760'),
(298, '2013-05-23', 'LTL', 'ILS', 10, '7.36740'),
(299, '2013-05-23', 'LTL', 'INR', 100, '4.88730'),
(300, '2013-05-23', 'LTL', 'IQD', 1000, '2.32340'),
(301, '2013-05-23', 'LTL', 'IRR', 10000, '2.18560'),
(302, '2013-05-23', 'LTL', 'ISK', 100, '2.17700'),
(303, '2013-05-23', 'LTL', 'JOD', 1, '3.78900'),
(304, '2013-05-23', 'LTL', 'JPY', 100, '2.60300'),
(305, '2013-05-23', 'LTL', 'KES', 100, '3.20230'),
(306, '2013-05-23', 'LTL', 'KGS', 100, '5.56390'),
(307, '2013-05-23', 'LTL', 'KRW', 1000, '2.40240'),
(308, '2013-05-23', 'LTL', 'KWD', 1, '9.37820'),
(309, '2013-05-23', 'LTL', 'KZT', 100, '1.77180'),
(310, '2013-05-23', 'LTL', 'LBP', 1000, '1.78430'),
(311, '2013-05-23', 'LTL', 'LKR', 100, '2.12460'),
(312, '2013-05-23', 'LTL', 'LVL', 1, '4.93250'),
(313, '2013-05-23', 'LTL', 'MAD', 10, '3.11090'),
(314, '2013-05-23', 'LTL', 'MDL', 10, '2.13470'),
(315, '2013-05-23', 'LTL', 'MGA', 1000, '1.21790'),
(316, '2013-05-23', 'LTL', 'MYR', 10, '8.87350'),
(317, '2013-05-23', 'LTL', 'MKD', 100, '5.66450'),
(318, '2013-05-23', 'LTL', 'MNT', 1000, '1.86490'),
(319, '2013-05-23', 'LTL', 'MXN', 10, '2.18460'),
(320, '2013-05-23', 'LTL', 'MZN', 100, '8.87130'),
(321, '2013-05-23', 'LTL', 'NOK', 10, '4.61820'),
(322, '2013-05-23', 'LTL', 'NZD', 1, '2.17480'),
(323, '2013-05-23', 'LTL', 'PAB', 1, '2.68360'),
(324, '2013-05-23', 'LTL', 'PEN', 10, '10.18430'),
(325, '2013-05-23', 'LTL', 'PHP', 100, '6.51110'),
(326, '2013-05-23', 'LTL', 'PKR', 100, '2.72650'),
(327, '2013-05-23', 'LTL', 'PLN', 10, '8.26210'),
(328, '2013-05-23', 'LTL', 'QAR', 10, '7.37050'),
(329, '2013-05-23', 'LTL', 'RON', 10, '7.93230'),
(330, '2013-05-23', 'LTL', 'RSD', 100, '3.12190'),
(331, '2013-05-23', 'LTL', 'RUB', 100, '8.55930'),
(332, '2013-05-23', 'LTL', 'SAR', 10, '7.15580'),
(333, '2013-05-23', 'LTL', 'SEK', 10, '4.03930'),
(334, '2013-05-23', 'LTL', 'SGD', 1, '2.13430'),
(335, '2013-05-23', 'LTL', 'SYP', 100, '2.74670'),
(336, '2013-05-23', 'LTL', 'THB', 100, '9.00070'),
(337, '2013-05-23', 'LTL', 'TJS', 10, '5.64050'),
(338, '2013-05-23', 'LTL', 'TMT', 10, '9.41520'),
(339, '2013-05-23', 'LTL', 'TND', 1, '1.61710'),
(340, '2013-05-23', 'LTL', 'TRY', 1, '1.44940'),
(341, '2013-05-23', 'LTL', 'TWD', 100, '8.95400'),
(342, '2013-05-23', 'LTL', 'TZS', 1000, '1.64640'),
(343, '2013-05-23', 'LTL', 'UAH', 10, '3.27370'),
(344, '2013-05-23', 'LTL', 'UYU', 10, '1.41610'),
(345, '2013-05-23', 'LTL', 'USD', 1, '2.67270'),
(346, '2013-05-23', 'LTL', 'UZS', 1000, '1.29390'),
(347, '2013-05-23', 'LTL', 'VEF', 10, '4.26500'),
(348, '2013-05-23', 'LTL', 'VND', 10000, '1.27880'),
(349, '2013-05-23', 'LTL', 'XAF', 1000, '5.26310'),
(350, '2013-05-23', 'LTL', 'XDR', 1, '3.98280'),
(351, '2013-05-23', 'LTL', 'XOF', 1000, '5.26290'),
(352, '2013-05-23', 'LTL', 'ZAR', 10, '2.85820'),
(353, '2013-05-24', 'LTL', 'AED', 10, '7.30620'),
(354, '2013-05-24', 'LTL', 'AFN', 100, '4.89340'),
(355, '2013-05-24', 'LTL', 'ALL', 100, '2.44860'),
(356, '2013-05-24', 'LTL', 'AMD', 1000, '6.43150'),
(357, '2013-05-24', 'LTL', 'ARS', 10, '5.12990'),
(358, '2013-05-24', 'LTL', 'AUD', 1, '2.58680'),
(359, '2013-05-24', 'LTL', 'AZN', 1, '3.42330'),
(360, '2013-05-24', 'LTL', 'BAM', 1, '1.76180'),
(361, '2013-05-24', 'LTL', 'BDT', 100, '3.43960'),
(362, '2013-05-24', 'LTL', 'BGN', 1, '1.76540'),
(363, '2013-05-24', 'LTL', 'BHD', 1, '7.11820'),
(364, '2013-05-24', 'LTL', 'BYR', 10000, '3.09270'),
(365, '2013-05-24', 'LTL', 'BOB', 10, '3.82820'),
(366, '2013-05-24', 'LTL', 'BRL', 1, '1.32480'),
(367, '2013-05-24', 'LTL', 'CAD', 1, '2.58990'),
(368, '2013-05-24', 'LTL', 'CHF', 1, '2.75440'),
(369, '2013-05-24', 'LTL', 'CLP', 1000, '5.59130'),
(370, '2013-05-24', 'LTL', 'CNY', 10, '4.38310'),
(371, '2013-05-24', 'LTL', 'COP', 1000, '1.45830'),
(372, '2013-05-24', 'LTL', 'CZK', 10, '1.32110'),
(373, '2013-05-24', 'LTL', 'DKK', 10, '4.63260'),
(374, '2013-05-24', 'LTL', 'DZD', 100, '3.36050'),
(375, '2013-05-24', 'LTL', 'EGP', 10, '3.84690'),
(376, '2013-05-24', 'LTL', 'ETB', 10, '1.44050'),
(377, '2013-05-24', 'LTL', 'EUR', 1, '3.45280'),
(378, '2013-05-24', 'LTL', 'GBP', 1, '4.04210'),
(379, '2013-05-24', 'LTL', 'GEL', 1, '1.64250'),
(380, '2013-05-24', 'LTL', 'GNF', 10000, '3.80050'),
(381, '2013-05-24', 'LTL', 'HKD', 10, '3.45670'),
(382, '2013-05-24', 'LTL', 'HRK', 10, '4.55790'),
(383, '2013-05-24', 'LTL', 'HUF', 100, '1.18690'),
(384, '2013-05-24', 'LTL', 'IDR', 10000, '2.74880'),
(385, '2013-05-24', 'LTL', 'YER', 100, '1.24760'),
(386, '2013-05-24', 'LTL', 'ILS', 10, '7.36740'),
(387, '2013-05-24', 'LTL', 'INR', 100, '4.88730'),
(388, '2013-05-24', 'LTL', 'IQD', 1000, '2.32340'),
(389, '2013-05-24', 'LTL', 'IRR', 10000, '2.18560'),
(390, '2013-05-24', 'LTL', 'ISK', 100, '2.17100'),
(391, '2013-05-24', 'LTL', 'JOD', 1, '3.78900'),
(392, '2013-05-24', 'LTL', 'JPY', 100, '2.63740'),
(393, '2013-05-24', 'LTL', 'KES', 100, '3.20230'),
(394, '2013-05-24', 'LTL', 'KGS', 100, '5.56390'),
(395, '2013-05-24', 'LTL', 'KRW', 1000, '2.40240'),
(396, '2013-05-24', 'LTL', 'KWD', 1, '9.37820'),
(397, '2013-05-24', 'LTL', 'KZT', 100, '1.78330'),
(398, '2013-05-24', 'LTL', 'LBP', 1000, '1.78430'),
(399, '2013-05-24', 'LTL', 'LKR', 100, '2.12460'),
(400, '2013-05-24', 'LTL', 'LVL', 1, '4.93050'),
(401, '2013-05-24', 'LTL', 'MAD', 10, '3.11090'),
(402, '2013-05-24', 'LTL', 'MDL', 10, '2.14610'),
(403, '2013-05-24', 'LTL', 'MGA', 1000, '1.21790'),
(404, '2013-05-24', 'LTL', 'MYR', 10, '8.87350'),
(405, '2013-05-24', 'LTL', 'MKD', 100, '5.66450'),
(406, '2013-05-24', 'LTL', 'MNT', 1000, '1.86490'),
(407, '2013-05-24', 'LTL', 'MXN', 10, '2.18460'),
(408, '2013-05-24', 'LTL', 'MZN', 100, '8.87130'),
(409, '2013-05-24', 'LTL', 'NOK', 10, '4.59660'),
(410, '2013-05-24', 'LTL', 'NZD', 1, '2.17480'),
(411, '2013-05-24', 'LTL', 'PAB', 1, '2.68360'),
(412, '2013-05-24', 'LTL', 'PEN', 10, '10.18430'),
(413, '2013-05-24', 'LTL', 'PHP', 100, '6.51110'),
(414, '2013-05-24', 'LTL', 'PKR', 100, '2.72650'),
(415, '2013-05-24', 'LTL', 'PLN', 10, '8.24080'),
(416, '2013-05-24', 'LTL', 'QAR', 10, '7.37050'),
(417, '2013-05-24', 'LTL', 'RON', 10, '7.91540'),
(418, '2013-05-24', 'LTL', 'RSD', 100, '3.12190'),
(419, '2013-05-24', 'LTL', 'RUB', 100, '8.52870'),
(420, '2013-05-24', 'LTL', 'SAR', 10, '7.15580'),
(421, '2013-05-24', 'LTL', 'SEK', 10, '4.03630'),
(422, '2013-05-24', 'LTL', 'SGD', 1, '2.13430'),
(423, '2013-05-24', 'LTL', 'SYP', 100, '2.74670'),
(424, '2013-05-24', 'LTL', 'THB', 100, '9.00070'),
(425, '2013-05-24', 'LTL', 'TJS', 10, '5.64050'),
(426, '2013-05-24', 'LTL', 'TMT', 10, '9.41520'),
(427, '2013-05-24', 'LTL', 'TND', 1, '1.61710'),
(428, '2013-05-24', 'LTL', 'TRY', 1, '1.44950'),
(429, '2013-05-24', 'LTL', 'TWD', 100, '8.95400'),
(430, '2013-05-24', 'LTL', 'TZS', 1000, '1.64640'),
(431, '2013-05-24', 'LTL', 'UAH', 10, '3.29320'),
(432, '2013-05-24', 'LTL', 'UYU', 10, '1.41610'),
(433, '2013-05-24', 'LTL', 'USD', 1, '2.68910'),
(434, '2013-05-24', 'LTL', 'UZS', 1000, '1.29390'),
(435, '2013-05-24', 'LTL', 'VEF', 10, '4.26500'),
(436, '2013-05-24', 'LTL', 'VND', 10000, '1.27880'),
(437, '2013-05-24', 'LTL', 'XAF', 1000, '5.26310'),
(438, '2013-05-24', 'LTL', 'XDR', 1, '4.01230'),
(439, '2013-05-24', 'LTL', 'XOF', 1000, '5.26290'),
(440, '2013-05-24', 'LTL', 'ZAR', 10, '2.85820'),
(441, '2013-05-27', 'LTL', 'AED', 10, '7.26520'),
(442, '2013-05-27', 'LTL', 'AFN', 100, '4.85540'),
(443, '2013-05-27', 'LTL', 'ALL', 100, '2.44750'),
(444, '2013-05-27', 'LTL', 'AMD', 1000, '6.40700'),
(445, '2013-05-27', 'LTL', 'ARS', 10, '5.07230'),
(446, '2013-05-27', 'LTL', 'AUD', 1, '2.58250'),
(447, '2013-05-27', 'LTL', 'AZN', 1, '3.40460'),
(448, '2013-05-27', 'LTL', 'BAM', 1, '1.76530'),
(449, '2013-05-27', 'LTL', 'BDT', 100, '3.42250'),
(450, '2013-05-27', 'LTL', 'BGN', 1, '1.76550'),
(451, '2013-05-27', 'LTL', 'BHD', 1, '7.07830'),
(452, '2013-05-27', 'LTL', 'BYR', 10000, '3.06550'),
(453, '2013-05-27', 'LTL', 'BOB', 10, '3.80670'),
(454, '2013-05-27', 'LTL', 'BRL', 1, '1.30540'),
(455, '2013-05-27', 'LTL', 'CAD', 1, '2.58350'),
(456, '2013-05-27', 'LTL', 'CHF', 1, '2.75920'),
(457, '2013-05-27', 'LTL', 'CLP', 1000, '5.47330'),
(458, '2013-05-27', 'LTL', 'CNY', 10, '4.35350'),
(459, '2013-05-27', 'LTL', 'COP', 1000, '1.43010'),
(460, '2013-05-27', 'LTL', 'CZK', 10, '1.32190'),
(461, '2013-05-27', 'LTL', 'DKK', 10, '4.63220'),
(462, '2013-05-27', 'LTL', 'DZD', 100, '3.36090'),
(463, '2013-05-27', 'LTL', 'EGP', 10, '3.82200'),
(464, '2013-05-27', 'LTL', 'ETB', 10, '1.43080'),
(465, '2013-05-27', 'LTL', 'EUR', 1, '3.45280'),
(466, '2013-05-27', 'LTL', 'GBP', 1, '4.02830'),
(467, '2013-05-27', 'LTL', 'GEL', 1, '1.63110'),
(468, '2013-05-27', 'LTL', 'GNF', 10000, '3.74400'),
(469, '2013-05-27', 'LTL', 'HKD', 10, '3.43730'),
(470, '2013-05-27', 'LTL', 'HRK', 10, '4.56100'),
(471, '2013-05-27', 'LTL', 'HUF', 100, '1.18940'),
(472, '2013-05-27', 'LTL', 'IDR', 10000, '2.72990'),
(473, '2013-05-27', 'LTL', 'YER', 100, '1.24070'),
(474, '2013-05-27', 'LTL', 'ILS', 10, '7.21050'),
(475, '2013-05-27', 'LTL', 'INR', 100, '4.80430'),
(476, '2013-05-27', 'LTL', 'IQD', 1000, '2.32050'),
(477, '2013-05-27', 'LTL', 'IRR', 10000, '2.17330'),
(478, '2013-05-27', 'LTL', 'ISK', 100, '2.15830'),
(479, '2013-05-27', 'LTL', 'JOD', 1, '3.76910'),
(480, '2013-05-27', 'LTL', 'JPY', 100, '2.62200'),
(481, '2013-05-27', 'LTL', 'KES', 100, '3.16360'),
(482, '2013-05-27', 'LTL', 'KGS', 100, '5.52620'),
(483, '2013-05-27', 'LTL', 'KRW', 1000, '2.36760'),
(484, '2013-05-27', 'LTL', 'KWD', 1, '9.30930'),
(485, '2013-05-27', 'LTL', 'KZT', 100, '1.77020'),
(486, '2013-05-27', 'LTL', 'LBP', 1000, '1.77430'),
(487, '2013-05-27', 'LTL', 'LKR', 100, '2.11200'),
(488, '2013-05-27', 'LTL', 'LVL', 1, '4.92940'),
(489, '2013-05-27', 'LTL', 'MAD', 10, '3.11220'),
(490, '2013-05-27', 'LTL', 'MDL', 10, '2.12970'),
(491, '2013-05-27', 'LTL', 'MGA', 1000, '1.20880'),
(492, '2013-05-27', 'LTL', 'MYR', 10, '8.79390'),
(493, '2013-05-27', 'LTL', 'MKD', 100, '5.55360'),
(494, '2013-05-27', 'LTL', 'MNT', 1000, '1.87590'),
(495, '2013-05-27', 'LTL', 'MXN', 10, '2.14630'),
(496, '2013-05-27', 'LTL', 'MZN', 100, '8.80700'),
(497, '2013-05-27', 'LTL', 'NOK', 10, '4.57570'),
(498, '2013-05-27', 'LTL', 'NZD', 1, '2.16320'),
(499, '2013-05-27', 'LTL', 'PAB', 1, '2.66850'),
(500, '2013-05-27', 'LTL', 'PEN', 10, '9.99260'),
(501, '2013-05-27', 'LTL', 'PHP', 100, '6.41160'),
(502, '2013-05-27', 'LTL', 'PKR', 100, '2.71450'),
(503, '2013-05-27', 'LTL', 'PLN', 10, '8.22960'),
(504, '2013-05-27', 'LTL', 'QAR', 10, '7.32940'),
(505, '2013-05-27', 'LTL', 'RON', 10, '7.93050'),
(506, '2013-05-27', 'LTL', 'RSD', 100, '3.10760'),
(507, '2013-05-27', 'LTL', 'RUB', 100, '8.53470'),
(508, '2013-05-27', 'LTL', 'SAR', 10, '7.11570'),
(509, '2013-05-27', 'LTL', 'SEK', 10, '4.01470'),
(510, '2013-05-27', 'LTL', 'SGD', 1, '2.10930'),
(511, '2013-05-27', 'LTL', 'SYP', 100, '2.73550'),
(512, '2013-05-27', 'LTL', 'THB', 100, '8.89660'),
(513, '2013-05-27', 'LTL', 'TJS', 10, '5.61100'),
(514, '2013-05-27', 'LTL', 'TMT', 10, '9.36240'),
(515, '2013-05-27', 'LTL', 'TND', 1, '1.60870'),
(516, '2013-05-27', 'LTL', 'TRY', 1, '1.44480'),
(517, '2013-05-27', 'LTL', 'TWD', 100, '8.92240'),
(518, '2013-05-27', 'LTL', 'TZS', 1000, '1.63710'),
(519, '2013-05-27', 'LTL', 'UAH', 10, '3.28030'),
(520, '2013-05-27', 'LTL', 'UYU', 10, '1.40340'),
(521, '2013-05-27', 'LTL', 'USD', 1, '2.66850'),
(522, '2013-05-27', 'LTL', 'UZS', 1000, '1.29600'),
(523, '2013-05-27', 'LTL', 'VEF', 10, '4.24110'),
(524, '2013-05-27', 'LTL', 'VND', 10000, '1.27070'),
(525, '2013-05-27', 'LTL', 'XAF', 1000, '5.25000'),
(526, '2013-05-27', 'LTL', 'XDR', 1, '3.98030'),
(527, '2013-05-27', 'LTL', 'XOF', 1000, '5.26380'),
(528, '2013-05-27', 'LTL', 'ZAR', 10, '2.80050'),
(529, '2013-05-28', 'LTL', 'AED', 10, '7.26520'),
(530, '2013-05-28', 'LTL', 'AFN', 100, '4.85540'),
(531, '2013-05-28', 'LTL', 'ALL', 100, '2.44750'),
(532, '2013-05-28', 'LTL', 'AMD', 1000, '6.40700'),
(533, '2013-05-28', 'LTL', 'ARS', 10, '5.07230'),
(534, '2013-05-28', 'LTL', 'AUD', 1, '2.57350'),
(535, '2013-05-28', 'LTL', 'AZN', 1, '3.40460'),
(536, '2013-05-28', 'LTL', 'BAM', 1, '1.76530'),
(537, '2013-05-28', 'LTL', 'BDT', 100, '3.42250'),
(538, '2013-05-28', 'LTL', 'BGN', 1, '1.76540'),
(539, '2013-05-28', 'LTL', 'BHD', 1, '7.07830'),
(540, '2013-05-28', 'LTL', 'BYR', 10000, '3.07220'),
(541, '2013-05-28', 'LTL', 'BOB', 10, '3.80670'),
(542, '2013-05-28', 'LTL', 'BRL', 1, '1.30540'),
(543, '2013-05-28', 'LTL', 'CAD', 1, '2.58600'),
(544, '2013-05-28', 'LTL', 'CHF', 1, '2.77930'),
(545, '2013-05-28', 'LTL', 'CLP', 1000, '5.47330'),
(546, '2013-05-28', 'LTL', 'CNY', 10, '4.36000'),
(547, '2013-05-28', 'LTL', 'COP', 1000, '1.43010'),
(548, '2013-05-28', 'LTL', 'CZK', 10, '1.33100'),
(549, '2013-05-28', 'LTL', 'DKK', 10, '4.63230'),
(550, '2013-05-28', 'LTL', 'DZD', 100, '3.36090'),
(551, '2013-05-28', 'LTL', 'EGP', 10, '3.82200'),
(552, '2013-05-28', 'LTL', 'ETB', 10, '1.43080'),
(553, '2013-05-28', 'LTL', 'EUR', 1, '3.45280'),
(554, '2013-05-28', 'LTL', 'GBP', 1, '4.03870'),
(555, '2013-05-28', 'LTL', 'GEL', 1, '1.63110'),
(556, '2013-05-28', 'LTL', 'GNF', 10000, '3.74400'),
(557, '2013-05-28', 'LTL', 'HKD', 10, '3.43730'),
(558, '2013-05-28', 'LTL', 'HRK', 10, '4.56610'),
(559, '2013-05-28', 'LTL', 'HUF', 100, '1.19290'),
(560, '2013-05-28', 'LTL', 'IDR', 10000, '2.72990'),
(561, '2013-05-28', 'LTL', 'YER', 100, '1.24070'),
(562, '2013-05-28', 'LTL', 'ILS', 10, '7.21050'),
(563, '2013-05-28', 'LTL', 'INR', 100, '4.80430'),
(564, '2013-05-28', 'LTL', 'IQD', 1000, '2.32050'),
(565, '2013-05-28', 'LTL', 'IRR', 10000, '2.17330'),
(566, '2013-05-28', 'LTL', 'ISK', 100, '2.15530'),
(567, '2013-05-28', 'LTL', 'JOD', 1, '3.76910'),
(568, '2013-05-28', 'LTL', 'JPY', 100, '2.64280'),
(569, '2013-05-28', 'LTL', 'KES', 100, '3.16360'),
(570, '2013-05-28', 'LTL', 'KGS', 100, '5.52620'),
(571, '2013-05-28', 'LTL', 'KRW', 1000, '2.36760'),
(572, '2013-05-28', 'LTL', 'KWD', 1, '9.30930'),
(573, '2013-05-28', 'LTL', 'KZT', 100, '1.76990'),
(574, '2013-05-28', 'LTL', 'LBP', 1000, '1.77430'),
(575, '2013-05-28', 'LTL', 'LKR', 100, '2.11200'),
(576, '2013-05-28', 'LTL', 'LVL', 1, '4.92760'),
(577, '2013-05-28', 'LTL', 'MAD', 10, '3.11220'),
(578, '2013-05-28', 'LTL', 'MDL', 10, '2.13710'),
(579, '2013-05-28', 'LTL', 'MGA', 1000, '1.20880'),
(580, '2013-05-28', 'LTL', 'MYR', 10, '8.79390'),
(581, '2013-05-28', 'LTL', 'MKD', 100, '5.55360'),
(582, '2013-05-28', 'LTL', 'MNT', 1000, '1.87590'),
(583, '2013-05-28', 'LTL', 'MXN', 10, '2.14630'),
(584, '2013-05-28', 'LTL', 'MZN', 100, '8.80700'),
(585, '2013-05-28', 'LTL', 'NOK', 10, '4.58100'),
(586, '2013-05-28', 'LTL', 'NZD', 1, '2.16320'),
(587, '2013-05-28', 'LTL', 'PAB', 1, '2.66850'),
(588, '2013-05-28', 'LTL', 'PEN', 10, '9.99260'),
(589, '2013-05-28', 'LTL', 'PHP', 100, '6.41160'),
(590, '2013-05-28', 'LTL', 'PKR', 100, '2.71450'),
(591, '2013-05-28', 'LTL', 'PLN', 10, '8.22340'),
(592, '2013-05-28', 'LTL', 'QAR', 10, '7.32940'),
(593, '2013-05-28', 'LTL', 'RON', 10, '7.93900'),
(594, '2013-05-28', 'LTL', 'RSD', 100, '3.10760'),
(595, '2013-05-28', 'LTL', 'RUB', 100, '8.52830'),
(596, '2013-05-28', 'LTL', 'SAR', 10, '7.11570'),
(597, '2013-05-28', 'LTL', 'SEK', 10, '4.01790'),
(598, '2013-05-28', 'LTL', 'SGD', 1, '2.10930'),
(599, '2013-05-28', 'LTL', 'SYP', 100, '2.73550'),
(600, '2013-05-28', 'LTL', 'THB', 100, '8.89660'),
(601, '2013-05-28', 'LTL', 'TJS', 10, '5.61100'),
(602, '2013-05-28', 'LTL', 'TMT', 10, '9.36240'),
(603, '2013-05-28', 'LTL', 'TND', 1, '1.60870'),
(604, '2013-05-28', 'LTL', 'TRY', 1, '1.44660'),
(605, '2013-05-28', 'LTL', 'TWD', 100, '8.92240'),
(606, '2013-05-28', 'LTL', 'TZS', 1000, '1.63710'),
(607, '2013-05-28', 'LTL', 'UAH', 10, '3.27740'),
(608, '2013-05-28', 'LTL', 'UYU', 10, '1.40340'),
(609, '2013-05-28', 'LTL', 'USD', 1, '2.66980'),
(610, '2013-05-28', 'LTL', 'UZS', 1000, '1.29600'),
(611, '2013-05-28', 'LTL', 'VEF', 10, '4.24110'),
(612, '2013-05-28', 'LTL', 'VND', 10000, '1.27070'),
(613, '2013-05-28', 'LTL', 'XAF', 1000, '5.25000'),
(614, '2013-05-28', 'LTL', 'XDR', 1, '3.99170'),
(615, '2013-05-28', 'LTL', 'XOF', 1000, '5.26380'),
(616, '2013-05-28', 'LTL', 'ZAR', 10, '2.80050'),
(617, '2013-05-29', 'LTL', 'AED', 10, '7.26520'),
(618, '2013-05-29', 'LTL', 'AFN', 100, '4.85540'),
(619, '2013-05-29', 'LTL', 'ALL', 100, '2.44750'),
(620, '2013-05-29', 'LTL', 'AMD', 1000, '6.40700'),
(621, '2013-05-29', 'LTL', 'ARS', 10, '5.07230'),
(622, '2013-05-29', 'LTL', 'AUD', 1, '2.58310'),
(623, '2013-05-29', 'LTL', 'AZN', 1, '3.40460'),
(624, '2013-05-29', 'LTL', 'BAM', 1, '1.76530'),
(625, '2013-05-29', 'LTL', 'BDT', 100, '3.42250'),
(626, '2013-05-29', 'LTL', 'BGN', 1, '1.76510'),
(627, '2013-05-29', 'LTL', 'BHD', 1, '7.07830'),
(628, '2013-05-29', 'LTL', 'BYR', 10000, '3.07390'),
(629, '2013-05-29', 'LTL', 'BOB', 10, '3.80670'),
(630, '2013-05-29', 'LTL', 'BRL', 1, '1.30540'),
(631, '2013-05-29', 'LTL', 'CAD', 1, '2.58440'),
(632, '2013-05-29', 'LTL', 'CHF', 1, '2.76080'),
(633, '2013-05-29', 'LTL', 'CLP', 1000, '5.47330'),
(634, '2013-05-29', 'LTL', 'CNY', 10, '4.37000'),
(635, '2013-05-29', 'LTL', 'COP', 1000, '1.43010'),
(636, '2013-05-29', 'LTL', 'CZK', 10, '1.33390'),
(637, '2013-05-29', 'LTL', 'DKK', 10, '4.63230'),
(638, '2013-05-29', 'LTL', 'DZD', 100, '3.36090'),
(639, '2013-05-29', 'LTL', 'EGP', 10, '3.82200'),
(640, '2013-05-29', 'LTL', 'ETB', 10, '1.43080'),
(641, '2013-05-29', 'LTL', 'EUR', 1, '3.45280'),
(642, '2013-05-29', 'LTL', 'GBP', 1, '4.03980'),
(643, '2013-05-29', 'LTL', 'GEL', 1, '1.63110'),
(644, '2013-05-29', 'LTL', 'GNF', 10000, '3.74400'),
(645, '2013-05-29', 'LTL', 'HKD', 10, '3.43730'),
(646, '2013-05-29', 'LTL', 'HRK', 10, '4.57050'),
(647, '2013-05-29', 'LTL', 'HUF', 100, '1.19570'),
(648, '2013-05-29', 'LTL', 'IDR', 10000, '2.72990'),
(649, '2013-05-29', 'LTL', 'YER', 100, '1.24070'),
(650, '2013-05-29', 'LTL', 'ILS', 10, '7.21050'),
(651, '2013-05-29', 'LTL', 'INR', 100, '4.80430'),
(652, '2013-05-29', 'LTL', 'IQD', 1000, '2.32050'),
(653, '2013-05-29', 'LTL', 'IRR', 10000, '2.17330'),
(654, '2013-05-29', 'LTL', 'ISK', 100, '2.15110'),
(655, '2013-05-29', 'LTL', 'JOD', 1, '3.76910'),
(656, '2013-05-29', 'LTL', 'JPY', 100, '2.62340'),
(657, '2013-05-29', 'LTL', 'KES', 100, '3.16360'),
(658, '2013-05-29', 'LTL', 'KGS', 100, '5.52620'),
(659, '2013-05-29', 'LTL', 'KRW', 1000, '2.36760'),
(660, '2013-05-29', 'LTL', 'KWD', 1, '9.30930'),
(661, '2013-05-29', 'LTL', 'KZT', 100, '1.77390'),
(662, '2013-05-29', 'LTL', 'LBP', 1000, '1.77430'),
(663, '2013-05-29', 'LTL', 'LKR', 100, '2.11200'),
(664, '2013-05-29', 'LTL', 'LVL', 1, '4.92480'),
(665, '2013-05-29', 'LTL', 'MAD', 10, '3.11220'),
(666, '2013-05-29', 'LTL', 'MDL', 10, '2.14200'),
(667, '2013-05-29', 'LTL', 'MGA', 1000, '1.20880'),
(668, '2013-05-29', 'LTL', 'MYR', 10, '8.79390'),
(669, '2013-05-29', 'LTL', 'MKD', 100, '5.55360'),
(670, '2013-05-29', 'LTL', 'MNT', 1000, '1.87590'),
(671, '2013-05-29', 'LTL', 'MXN', 10, '2.14630'),
(672, '2013-05-29', 'LTL', 'MZN', 100, '8.80700'),
(673, '2013-05-29', 'LTL', 'NOK', 10, '4.57230'),
(674, '2013-05-29', 'LTL', 'NZD', 1, '2.16320'),
(675, '2013-05-29', 'LTL', 'PAB', 1, '2.66850'),
(676, '2013-05-29', 'LTL', 'PEN', 10, '9.99260'),
(677, '2013-05-29', 'LTL', 'PHP', 100, '6.41160'),
(678, '2013-05-29', 'LTL', 'PKR', 100, '2.71450'),
(679, '2013-05-29', 'LTL', 'PLN', 10, '8.23520'),
(680, '2013-05-29', 'LTL', 'QAR', 10, '7.32940'),
(681, '2013-05-29', 'LTL', 'RON', 10, '7.96770'),
(682, '2013-05-29', 'LTL', 'RSD', 100, '3.10760'),
(683, '2013-05-29', 'LTL', 'RUB', 100, '8.52270'),
(684, '2013-05-29', 'LTL', 'SAR', 10, '7.11570'),
(685, '2013-05-29', 'LTL', 'SEK', 10, '4.01830'),
(686, '2013-05-29', 'LTL', 'SGD', 1, '2.10930'),
(687, '2013-05-29', 'LTL', 'SYP', 100, '2.73550'),
(688, '2013-05-29', 'LTL', 'THB', 100, '8.89660'),
(689, '2013-05-29', 'LTL', 'TJS', 10, '5.61100'),
(690, '2013-05-29', 'LTL', 'TMT', 10, '9.36240'),
(691, '2013-05-29', 'LTL', 'TND', 1, '1.60870'),
(692, '2013-05-29', 'LTL', 'TRY', 1, '1.44560'),
(693, '2013-05-29', 'LTL', 'TWD', 100, '8.92240'),
(694, '2013-05-29', 'LTL', 'TZS', 1000, '1.63710'),
(695, '2013-05-29', 'LTL', 'UAH', 10, '3.28150'),
(696, '2013-05-29', 'LTL', 'UYU', 10, '1.40340'),
(697, '2013-05-29', 'LTL', 'USD', 1, '2.67590'),
(698, '2013-05-29', 'LTL', 'UZS', 1000, '1.29600'),
(699, '2013-05-29', 'LTL', 'VEF', 10, '4.24110'),
(700, '2013-05-29', 'LTL', 'VND', 10000, '1.27070'),
(701, '2013-05-29', 'LTL', 'XAF', 1000, '5.25000'),
(702, '2013-05-29', 'LTL', 'XDR', 1, '4.00090'),
(703, '2013-05-29', 'LTL', 'XOF', 1000, '5.26380'),
(704, '2013-05-29', 'LTL', 'ZAR', 10, '2.80050'),
(705, '2013-05-30', 'LTL', 'AED', 10, '7.26520'),
(706, '2013-05-30', 'LTL', 'AFN', 100, '4.85540'),
(707, '2013-05-30', 'LTL', 'ALL', 100, '2.44750'),
(708, '2013-05-30', 'LTL', 'AMD', 1000, '6.40700'),
(709, '2013-05-30', 'LTL', 'ARS', 10, '5.07230'),
(710, '2013-05-30', 'LTL', 'AUD', 1, '2.56470'),
(711, '2013-05-30', 'LTL', 'AZN', 1, '3.40460'),
(712, '2013-05-30', 'LTL', 'BAM', 1, '1.76530'),
(713, '2013-05-30', 'LTL', 'BDT', 100, '3.42250'),
(714, '2013-05-30', 'LTL', 'BGN', 1, '1.76550'),
(715, '2013-05-30', 'LTL', 'BHD', 1, '7.07830'),
(716, '2013-05-30', 'LTL', 'BYR', 10000, '3.08490'),
(717, '2013-05-30', 'LTL', 'BOB', 10, '3.80670'),
(718, '2013-05-30', 'LTL', 'BRL', 1, '1.30540'),
(719, '2013-05-30', 'LTL', 'CAD', 1, '2.58000'),
(720, '2013-05-30', 'LTL', 'CHF', 1, '2.75610'),
(721, '2013-05-30', 'LTL', 'CLP', 1000, '5.47330'),
(722, '2013-05-30', 'LTL', 'CNY', 10, '4.38240'),
(723, '2013-05-30', 'LTL', 'COP', 1000, '1.43010'),
(724, '2013-05-30', 'LTL', 'CZK', 10, '1.33240'),
(725, '2013-05-30', 'LTL', 'DKK', 10, '4.63270'),
(726, '2013-05-30', 'LTL', 'DZD', 100, '3.36090'),
(727, '2013-05-30', 'LTL', 'EGP', 10, '3.82200'),
(728, '2013-05-30', 'LTL', 'ETB', 10, '1.43080'),
(729, '2013-05-30', 'LTL', 'EUR', 1, '3.45280'),
(730, '2013-05-30', 'LTL', 'GBP', 1, '4.04000'),
(731, '2013-05-30', 'LTL', 'GEL', 1, '1.63110'),
(732, '2013-05-30', 'LTL', 'GNF', 10000, '3.74400'),
(733, '2013-05-30', 'LTL', 'HKD', 10, '3.43730'),
(734, '2013-05-30', 'LTL', 'HRK', 10, '4.56750'),
(735, '2013-05-30', 'LTL', 'HUF', 100, '1.19920'),
(736, '2013-05-30', 'LTL', 'IDR', 10000, '2.72990'),
(737, '2013-05-30', 'LTL', 'YER', 100, '1.24070'),
(738, '2013-05-30', 'LTL', 'ILS', 10, '7.21050'),
(739, '2013-05-30', 'LTL', 'INR', 100, '4.80430'),
(740, '2013-05-30', 'LTL', 'IQD', 1000, '2.32050'),
(741, '2013-05-30', 'LTL', 'IRR', 10000, '2.17330'),
(742, '2013-05-30', 'LTL', 'ISK', 100, '2.16200'),
(743, '2013-05-30', 'LTL', 'JOD', 1, '3.76910'),
(744, '2013-05-30', 'LTL', 'JPY', 100, '2.62940'),
(745, '2013-05-30', 'LTL', 'KES', 100, '3.16360'),
(746, '2013-05-30', 'LTL', 'KGS', 100, '5.52620'),
(747, '2013-05-30', 'LTL', 'KRW', 1000, '2.36760'),
(748, '2013-05-30', 'LTL', 'KWD', 1, '9.30930'),
(749, '2013-05-30', 'LTL', 'KZT', 100, '1.77910'),
(750, '2013-05-30', 'LTL', 'LBP', 1000, '1.77430'),
(751, '2013-05-30', 'LTL', 'LKR', 100, '2.11200'),
(752, '2013-05-30', 'LTL', 'LVL', 1, '4.92380'),
(753, '2013-05-30', 'LTL', 'MAD', 10, '3.11220'),
(754, '2013-05-30', 'LTL', 'MDL', 10, '2.13930'),
(755, '2013-05-30', 'LTL', 'MGA', 1000, '1.20880'),
(756, '2013-05-30', 'LTL', 'MYR', 10, '8.79390'),
(757, '2013-05-30', 'LTL', 'MKD', 100, '5.55360'),
(758, '2013-05-30', 'LTL', 'MNT', 1000, '1.87590'),
(759, '2013-05-30', 'LTL', 'MXN', 10, '2.14630'),
(760, '2013-05-30', 'LTL', 'MZN', 100, '8.80700'),
(761, '2013-05-30', 'LTL', 'NOK', 10, '4.55060'),
(762, '2013-05-30', 'LTL', 'NZD', 1, '2.16320'),
(763, '2013-05-30', 'LTL', 'PAB', 1, '2.66850'),
(764, '2013-05-30', 'LTL', 'PEN', 10, '9.99260'),
(765, '2013-05-30', 'LTL', 'PHP', 100, '6.41160'),
(766, '2013-05-30', 'LTL', 'PKR', 100, '2.71450'),
(767, '2013-05-30', 'LTL', 'PLN', 10, '8.18380'),
(768, '2013-05-30', 'LTL', 'QAR', 10, '7.32940'),
(769, '2013-05-30', 'LTL', 'RON', 10, '7.94520'),
(770, '2013-05-30', 'LTL', 'RSD', 100, '3.10760'),
(771, '2013-05-30', 'LTL', 'RUB', 100, '8.51440'),
(772, '2013-05-30', 'LTL', 'SAR', 10, '7.11570'),
(773, '2013-05-30', 'LTL', 'SEK', 10, '3.99790'),
(774, '2013-05-30', 'LTL', 'SGD', 1, '2.10930'),
(775, '2013-05-30', 'LTL', 'SYP', 100, '2.73550'),
(776, '2013-05-30', 'LTL', 'THB', 100, '8.89660'),
(777, '2013-05-30', 'LTL', 'TJS', 10, '5.61100'),
(778, '2013-05-30', 'LTL', 'TMT', 10, '9.36240'),
(779, '2013-05-30', 'LTL', 'TND', 1, '1.60870'),
(780, '2013-05-30', 'LTL', 'TRY', 1, '1.44280'),
(781, '2013-05-30', 'LTL', 'TWD', 100, '8.92240'),
(782, '2013-05-30', 'LTL', 'TZS', 1000, '1.63710'),
(783, '2013-05-30', 'LTL', 'UAH', 10, '3.29280'),
(784, '2013-05-30', 'LTL', 'UYU', 10, '1.40340'),
(785, '2013-05-30', 'LTL', 'USD', 1, '2.68540'),
(786, '2013-05-30', 'LTL', 'UZS', 1000, '1.29600'),
(787, '2013-05-30', 'LTL', 'VEF', 10, '4.24110'),
(788, '2013-05-30', 'LTL', 'VND', 10000, '1.27070'),
(789, '2013-05-30', 'LTL', 'XAF', 1000, '5.25000'),
(790, '2013-05-30', 'LTL', 'XDR', 1, '4.01010'),
(791, '2013-05-30', 'LTL', 'XOF', 1000, '5.26380'),
(792, '2013-05-30', 'LTL', 'ZAR', 10, '2.80050'),
(793, '2013-06-03', 'LTL', 'AED', 10, '7.21090'),
(794, '2013-06-03', 'LTL', 'AFN', 100, '4.78600'),
(795, '2013-06-03', 'LTL', 'ALL', 100, '2.45760'),
(796, '2013-06-03', 'LTL', 'AMD', 1000, '6.34580'),
(797, '2013-06-03', 'LTL', 'ARS', 10, '5.01660'),
(798, '2013-06-03', 'LTL', 'AUD', 1, '2.55390'),
(799, '2013-06-03', 'LTL', 'AZN', 1, '3.37910'),
(800, '2013-06-03', 'LTL', 'BAM', 1, '1.75900'),
(801, '2013-06-03', 'LTL', 'BDT', 100, '3.39560'),
(802, '2013-06-03', 'LTL', 'BGN', 1, '1.76560'),
(803, '2013-06-03', 'LTL', 'BHD', 1, '7.02540'),
(804, '2013-06-03', 'LTL', 'BYR', 10000, '3.04780'),
(805, '2013-06-03', 'LTL', 'BOB', 10, '3.77830'),
(806, '2013-06-03', 'LTL', 'BRL', 1, '1.25510'),
(807, '2013-06-03', 'LTL', 'CAD', 1, '2.57040'),
(808, '2013-06-03', 'LTL', 'CHF', 1, '2.77610'),
(809, '2013-06-03', 'LTL', 'CLP', 1000, '5.34900'),
(810, '2013-06-03', 'LTL', 'CNY', 10, '4.31780'),
(811, '2013-06-03', 'LTL', 'COP', 1000, '1.40090'),
(812, '2013-06-03', 'LTL', 'CZK', 10, '1.34320'),
(813, '2013-06-03', 'LTL', 'DKK', 10, '4.63200'),
(814, '2013-06-03', 'LTL', 'DZD', 100, '3.34720'),
(815, '2013-06-03', 'LTL', 'EGP', 10, '3.79250'),
(816, '2013-06-03', 'LTL', 'ETB', 10, '1.41920'),
(817, '2013-06-03', 'LTL', 'EUR', 1, '3.45280'),
(818, '2013-06-03', 'LTL', 'GBP', 1, '4.03100'),
(819, '2013-06-03', 'LTL', 'GEL', 1, '1.61290'),
(820, '2013-06-03', 'LTL', 'GNF', 10000, '3.76670'),
(821, '2013-06-03', 'LTL', 'HKD', 10, '3.41150'),
(822, '2013-06-03', 'LTL', 'HRK', 10, '4.57410'),
(823, '2013-06-03', 'LTL', 'HUF', 100, '1.17400'),
(824, '2013-06-03', 'LTL', 'IDR', 10000, '2.70190'),
(825, '2013-06-03', 'LTL', 'YER', 100, '1.23150'),
(826, '2013-06-03', 'LTL', 'ILS', 10, '7.19350'),
(827, '2013-06-03', 'LTL', 'INR', 100, '4.69150'),
(828, '2013-06-03', 'LTL', 'IQD', 1000, '2.30910'),
(829, '2013-06-03', 'LTL', 'IRR', 10000, '2.15710'),
(830, '2013-06-03', 'LTL', 'ISK', 100, '2.16180'),
(831, '2013-06-03', 'LTL', 'JOD', 1, '3.73670'),
(832, '2013-06-03', 'LTL', 'JPY', 100, '2.62680'),
(833, '2013-06-03', 'LTL', 'KES', 100, '3.10860'),
(834, '2013-06-03', 'LTL', 'KGS', 100, '5.49150'),
(835, '2013-06-03', 'LTL', 'KRW', 1000, '2.34510'),
(836, '2013-06-03', 'LTL', 'KWD', 1, '9.26300'),
(837, '2013-06-03', 'LTL', 'KZT', 100, '1.74850'),
(838, '2013-06-03', 'LTL', 'LBP', 1000, '1.75110'),
(839, '2013-06-03', 'LTL', 'LKR', 100, '2.09460'),
(840, '2013-06-03', 'LTL', 'LVL', 1, '4.92300'),
(841, '2013-06-03', 'LTL', 'MAD', 10, '3.10270'),
(842, '2013-06-03', 'LTL', 'MDL', 10, '2.11840'),
(843, '2013-06-03', 'LTL', 'MGA', 1000, '1.20030'),
(844, '2013-06-03', 'LTL', 'MYR', 10, '8.58950'),
(845, '2013-06-03', 'LTL', 'MKD', 100, '5.51780'),
(846, '2013-06-03', 'LTL', 'MNT', 1000, '1.84250'),
(847, '2013-06-03', 'LTL', 'MXN', 10, '2.06220'),
(848, '2013-06-03', 'LTL', 'MZN', 100, '8.96300'),
(849, '2013-06-03', 'LTL', 'NOK', 10, '4.53590'),
(850, '2013-06-03', 'LTL', 'NZD', 1, '2.14060'),
(851, '2013-06-03', 'LTL', 'PAB', 1, '2.64860'),
(852, '2013-06-03', 'LTL', 'PEN', 10, '9.71590'),
(853, '2013-06-03', 'LTL', 'PHP', 100, '6.26140'),
(854, '2013-06-03', 'LTL', 'PKR', 100, '2.68820'),
(855, '2013-06-03', 'LTL', 'PLN', 10, '8.08350'),
(856, '2013-06-03', 'LTL', 'QAR', 10, '7.27370'),
(857, '2013-06-03', 'LTL', 'RON', 10, '7.92120'),
(858, '2013-06-03', 'LTL', 'RSD', 100, '3.08300'),
(859, '2013-06-03', 'LTL', 'RUB', 100, '8.31800'),
(860, '2013-06-03', 'LTL', 'SAR', 10, '7.06250'),
(861, '2013-06-03', 'LTL', 'SEK', 10, '4.03000'),
(862, '2013-06-03', 'LTL', 'SGD', 1, '2.09850'),
(863, '2013-06-03', 'LTL', 'SYP', 100, '2.71930'),
(864, '2013-06-03', 'LTL', 'THB', 100, '8.77150'),
(865, '2013-06-03', 'LTL', 'TJS', 10, '5.61100'),
(866, '2013-06-03', 'LTL', 'TMT', 10, '9.28100'),
(867, '2013-06-03', 'LTL', 'TND', 1, '1.61790'),
(868, '2013-06-03', 'LTL', 'TRY', 1, '1.41290'),
(869, '2013-06-03', 'LTL', 'TWD', 100, '8.85100'),
(870, '2013-06-03', 'LTL', 'TZS', 1000, '1.62290'),
(871, '2013-06-03', 'LTL', 'UAH', 10, '3.25160'),
(872, '2013-06-03', 'LTL', 'UYU', 10, '1.31740'),
(873, '2013-06-03', 'LTL', 'USD', 1, '2.64860'),
(874, '2013-06-03', 'LTL', 'UZS', 1000, '1.27240'),
(875, '2013-06-03', 'LTL', 'VEF', 10, '4.20930'),
(876, '2013-06-03', 'LTL', 'VND', 10000, '1.26040'),
(877, '2013-06-03', 'LTL', 'XAF', 1000, '5.26220'),
(878, '2013-06-03', 'LTL', 'XDR', 1, '3.96430'),
(879, '2013-06-03', 'LTL', 'XOF', 1000, '5.26220'),
(880, '2013-06-03', 'LTL', 'ZAR', 10, '2.58610'),
(881, '2013-06-04', 'LTL', 'AED', 10, '7.21090'),
(882, '2013-06-04', 'LTL', 'AFN', 100, '4.78600'),
(883, '2013-06-04', 'LTL', 'ALL', 100, '2.45760'),
(884, '2013-06-04', 'LTL', 'AMD', 1000, '6.34580'),
(885, '2013-06-04', 'LTL', 'ARS', 10, '5.01660'),
(886, '2013-06-04', 'LTL', 'AUD', 1, '2.55670'),
(887, '2013-06-04', 'LTL', 'AZN', 1, '3.37910'),
(888, '2013-06-04', 'LTL', 'BAM', 1, '1.75900'),
(889, '2013-06-04', 'LTL', 'BDT', 100, '3.39560'),
(890, '2013-06-04', 'LTL', 'BGN', 1, '1.76540'),
(891, '2013-06-04', 'LTL', 'BHD', 1, '7.02540'),
(892, '2013-06-04', 'LTL', 'BYR', 10000, '3.05200'),
(893, '2013-06-04', 'LTL', 'BOB', 10, '3.77830'),
(894, '2013-06-04', 'LTL', 'BRL', 1, '1.25510'),
(895, '2013-06-04', 'LTL', 'CAD', 1, '2.56080'),
(896, '2013-06-04', 'LTL', 'CHF', 1, '2.77530'),
(897, '2013-06-04', 'LTL', 'CLP', 1000, '5.34900'),
(898, '2013-06-04', 'LTL', 'CNY', 10, '4.32290'),
(899, '2013-06-04', 'LTL', 'COP', 1000, '1.40090'),
(900, '2013-06-04', 'LTL', 'CZK', 10, '1.34490'),
(901, '2013-06-04', 'LTL', 'DKK', 10, '4.63140'),
(902, '2013-06-04', 'LTL', 'DZD', 100, '3.34720'),
(903, '2013-06-04', 'LTL', 'EGP', 10, '3.79250'),
(904, '2013-06-04', 'LTL', 'ETB', 10, '1.41920'),
(905, '2013-06-04', 'LTL', 'EUR', 1, '3.45280'),
(906, '2013-06-04', 'LTL', 'GBP', 1, '4.04170'),
(907, '2013-06-04', 'LTL', 'GEL', 1, '1.61290'),
(908, '2013-06-04', 'LTL', 'GNF', 10000, '3.76670'),
(909, '2013-06-04', 'LTL', 'HKD', 10, '3.41150'),
(910, '2013-06-04', 'LTL', 'HRK', 10, '4.57230'),
(911, '2013-06-04', 'LTL', 'HUF', 100, '1.16430'),
(912, '2013-06-04', 'LTL', 'IDR', 10000, '2.70190'),
(913, '2013-06-04', 'LTL', 'YER', 100, '1.23150'),
(914, '2013-06-04', 'LTL', 'ILS', 10, '7.19350'),
(915, '2013-06-04', 'LTL', 'INR', 100, '4.69150'),
(916, '2013-06-04', 'LTL', 'IQD', 1000, '2.30910'),
(917, '2013-06-04', 'LTL', 'IRR', 10000, '2.15710'),
(918, '2013-06-04', 'LTL', 'ISK', 100, '2.16830'),
(919, '2013-06-04', 'LTL', 'JOD', 1, '3.73670'),
(920, '2013-06-04', 'LTL', 'JPY', 100, '2.63990'),
(921, '2013-06-04', 'LTL', 'KES', 100, '3.10860'),
(922, '2013-06-04', 'LTL', 'KGS', 100, '5.49150'),
(923, '2013-06-04', 'LTL', 'KRW', 1000, '2.34510'),
(924, '2013-06-04', 'LTL', 'KWD', 1, '9.26300'),
(925, '2013-06-04', 'LTL', 'KZT', 100, '1.75080'),
(926, '2013-06-04', 'LTL', 'LBP', 1000, '1.75110'),
(927, '2013-06-04', 'LTL', 'LKR', 100, '2.09460'),
(928, '2013-06-04', 'LTL', 'LVL', 1, '4.92330'),
(929, '2013-06-04', 'LTL', 'MAD', 10, '3.10270'),
(930, '2013-06-04', 'LTL', 'MDL', 10, '2.12400'),
(931, '2013-06-04', 'LTL', 'MGA', 1000, '1.20030'),
(932, '2013-06-04', 'LTL', 'MYR', 10, '8.58950'),
(933, '2013-06-04', 'LTL', 'MKD', 100, '5.51780'),
(934, '2013-06-04', 'LTL', 'MNT', 1000, '1.84250'),
(935, '2013-06-04', 'LTL', 'MXN', 10, '2.06220'),
(936, '2013-06-04', 'LTL', 'MZN', 100, '8.96300'),
(937, '2013-06-04', 'LTL', 'NOK', 10, '4.53730'),
(938, '2013-06-04', 'LTL', 'NZD', 1, '2.14060'),
(939, '2013-06-04', 'LTL', 'PAB', 1, '2.64860'),
(940, '2013-06-04', 'LTL', 'PEN', 10, '9.71590'),
(941, '2013-06-04', 'LTL', 'PHP', 100, '6.26140'),
(942, '2013-06-04', 'LTL', 'PKR', 100, '2.68820'),
(943, '2013-06-04', 'LTL', 'PLN', 10, '8.07650'),
(944, '2013-06-04', 'LTL', 'QAR', 10, '7.27370'),
(945, '2013-06-04', 'LTL', 'RON', 10, '7.87270'),
(946, '2013-06-04', 'LTL', 'RSD', 100, '3.08300'),
(947, '2013-06-04', 'LTL', 'RUB', 100, '8.26550'),
(948, '2013-06-04', 'LTL', 'SAR', 10, '7.06250'),
(949, '2013-06-04', 'LTL', 'SEK', 10, '4.02470'),
(950, '2013-06-04', 'LTL', 'SGD', 1, '2.09850'),
(951, '2013-06-04', 'LTL', 'SYP', 100, '2.71930'),
(952, '2013-06-04', 'LTL', 'THB', 100, '8.77150'),
(953, '2013-06-04', 'LTL', 'TJS', 10, '5.61100'),
(954, '2013-06-04', 'LTL', 'TMT', 10, '9.28100'),
(955, '2013-06-04', 'LTL', 'TND', 1, '1.61790'),
(956, '2013-06-04', 'LTL', 'TRY', 1, '1.39990'),
(957, '2013-06-04', 'LTL', 'TWD', 100, '8.85100'),
(958, '2013-06-04', 'LTL', 'TZS', 1000, '1.62290'),
(959, '2013-06-04', 'LTL', 'UAH', 10, '3.25360'),
(960, '2013-06-04', 'LTL', 'UYU', 10, '1.31740'),
(961, '2013-06-04', 'LTL', 'USD', 1, '2.65070'),
(962, '2013-06-04', 'LTL', 'UZS', 1000, '1.27240'),
(963, '2013-06-04', 'LTL', 'VEF', 10, '4.20930'),
(964, '2013-06-04', 'LTL', 'VND', 10000, '1.26040'),
(965, '2013-06-04', 'LTL', 'XAF', 1000, '5.26220'),
(966, '2013-06-04', 'LTL', 'XDR', 1, '3.97280'),
(967, '2013-06-04', 'LTL', 'XOF', 1000, '5.26220'),
(968, '2013-06-04', 'LTL', 'ZAR', 10, '2.58610'),
(969, '2013-06-05', 'LTL', 'AED', 10, '7.21090'),
(970, '2013-06-05', 'LTL', 'AFN', 100, '4.78600'),
(971, '2013-06-05', 'LTL', 'ALL', 100, '2.45760'),
(972, '2013-06-05', 'LTL', 'AMD', 1000, '6.34580'),
(973, '2013-06-05', 'LTL', 'ARS', 10, '5.01660'),
(974, '2013-06-05', 'LTL', 'AUD', 1, '2.56170'),
(975, '2013-06-05', 'LTL', 'AZN', 1, '3.37910'),
(976, '2013-06-05', 'LTL', 'BAM', 1, '1.75900'),
(977, '2013-06-05', 'LTL', 'BDT', 100, '3.39560'),
(978, '2013-06-05', 'LTL', 'BGN', 1, '1.76530'),
(979, '2013-06-05', 'LTL', 'BHD', 1, '7.02540'),
(980, '2013-06-05', 'LTL', 'BYR', 10000, '3.03930'),
(981, '2013-06-05', 'LTL', 'BOB', 10, '3.77830'),
(982, '2013-06-05', 'LTL', 'BRL', 1, '1.25510'),
(983, '2013-06-05', 'LTL', 'CAD', 1, '2.56400'),
(984, '2013-06-05', 'LTL', 'CHF', 1, '2.78150'),
(985, '2013-06-05', 'LTL', 'CLP', 1000, '5.34900'),
(986, '2013-06-05', 'LTL', 'CNY', 10, '4.31230'),
(987, '2013-06-05', 'LTL', 'COP', 1000, '1.40090'),
(988, '2013-06-05', 'LTL', 'CZK', 10, '1.34260'),
(989, '2013-06-05', 'LTL', 'DKK', 10, '4.63230'),
(990, '2013-06-05', 'LTL', 'DZD', 100, '3.34720'),
(991, '2013-06-05', 'LTL', 'EGP', 10, '3.79250'),
(992, '2013-06-05', 'LTL', 'ETB', 10, '1.41920'),
(993, '2013-06-05', 'LTL', 'EUR', 1, '3.45280'),
(994, '2013-06-05', 'LTL', 'GBP', 1, '4.04560'),
(995, '2013-06-05', 'LTL', 'GEL', 1, '1.61290'),
(996, '2013-06-05', 'LTL', 'GNF', 10000, '3.76670'),
(997, '2013-06-05', 'LTL', 'HKD', 10, '3.41150'),
(998, '2013-06-05', 'LTL', 'HRK', 10, '4.58140'),
(999, '2013-06-05', 'LTL', 'HUF', 100, '1.17800'),
(1000, '2013-06-05', 'LTL', 'IDR', 10000, '2.70190'),
(1001, '2013-06-05', 'LTL', 'YER', 100, '1.23150'),
(1002, '2013-06-05', 'LTL', 'ILS', 10, '7.19350'),
(1003, '2013-06-05', 'LTL', 'INR', 100, '4.69150'),
(1004, '2013-06-05', 'LTL', 'IQD', 1000, '2.30910'),
(1005, '2013-06-05', 'LTL', 'IRR', 10000, '2.15710'),
(1006, '2013-06-05', 'LTL', 'ISK', 100, '2.16290'),
(1007, '2013-06-05', 'LTL', 'JOD', 1, '3.73670'),
(1008, '2013-06-05', 'LTL', 'JPY', 100, '2.63810'),
(1009, '2013-06-05', 'LTL', 'KES', 100, '3.10860'),
(1010, '2013-06-05', 'LTL', 'KGS', 100, '5.49150'),
(1011, '2013-06-05', 'LTL', 'KRW', 1000, '2.34510'),
(1012, '2013-06-05', 'LTL', 'KWD', 1, '9.26300'),
(1013, '2013-06-05', 'LTL', 'KZT', 100, '1.74600'),
(1014, '2013-06-05', 'LTL', 'LBP', 1000, '1.75110'),
(1015, '2013-06-05', 'LTL', 'LKR', 100, '2.09460'),
(1016, '2013-06-05', 'LTL', 'LVL', 1, '4.92490'),
(1017, '2013-06-05', 'LTL', 'MAD', 10, '3.10270'),
(1018, '2013-06-05', 'LTL', 'MDL', 10, '2.11920'),
(1019, '2013-06-05', 'LTL', 'MGA', 1000, '1.20030'),
(1020, '2013-06-05', 'LTL', 'MYR', 10, '8.58950'),
(1021, '2013-06-05', 'LTL', 'MKD', 100, '5.51780'),
(1022, '2013-06-05', 'LTL', 'MNT', 1000, '1.84250'),
(1023, '2013-06-05', 'LTL', 'MXN', 10, '2.06220'),
(1024, '2013-06-05', 'LTL', 'MZN', 100, '8.96300'),
(1025, '2013-06-05', 'LTL', 'NOK', 10, '4.54900'),
(1026, '2013-06-05', 'LTL', 'NZD', 1, '2.14060'),
(1027, '2013-06-05', 'LTL', 'PAB', 1, '2.64860'),
(1028, '2013-06-05', 'LTL', 'PEN', 10, '9.71590'),
(1029, '2013-06-05', 'LTL', 'PHP', 100, '6.26140'),
(1030, '2013-06-05', 'LTL', 'PKR', 100, '2.68820'),
(1031, '2013-06-05', 'LTL', 'PLN', 10, '8.10960'),
(1032, '2013-06-05', 'LTL', 'QAR', 10, '7.27370'),
(1033, '2013-06-05', 'LTL', 'RON', 10, '7.84810'),
(1034, '2013-06-05', 'LTL', 'RSD', 100, '3.08300'),
(1035, '2013-06-05', 'LTL', 'RUB', 100, '8.29520'),
(1036, '2013-06-05', 'LTL', 'SAR', 10, '7.06250'),
(1037, '2013-06-05', 'LTL', 'SEK', 10, '4.03630'),
(1038, '2013-06-05', 'LTL', 'SGD', 1, '2.09850'),
(1039, '2013-06-05', 'LTL', 'SYP', 100, '2.71930'),
(1040, '2013-06-05', 'LTL', 'THB', 100, '8.77150'),
(1041, '2013-06-05', 'LTL', 'TJS', 10, '5.61100'),
(1042, '2013-06-05', 'LTL', 'TMT', 10, '9.28100'),
(1043, '2013-06-05', 'LTL', 'TND', 1, '1.61790'),
(1044, '2013-06-05', 'LTL', 'TRY', 1, '1.40170'),
(1045, '2013-06-05', 'LTL', 'TWD', 100, '8.85100'),
(1046, '2013-06-05', 'LTL', 'TZS', 1000, '1.62290'),
(1047, '2013-06-05', 'LTL', 'UAH', 10, '3.24260'),
(1048, '2013-06-05', 'LTL', 'UYU', 10, '1.31740'),
(1049, '2013-06-05', 'LTL', 'USD', 1, '2.64270'),
(1050, '2013-06-05', 'LTL', 'UZS', 1000, '1.27240'),
(1051, '2013-06-05', 'LTL', 'VEF', 10, '4.20930'),
(1052, '2013-06-05', 'LTL', 'VND', 10000, '1.26040'),
(1053, '2013-06-05', 'LTL', 'XAF', 1000, '5.26220'),
(1054, '2013-06-05', 'LTL', 'XDR', 1, '3.96500'),
(1055, '2013-06-05', 'LTL', 'XOF', 1000, '5.26220'),
(1056, '2013-06-05', 'LTL', 'ZAR', 10, '2.58610'),
(1057, '2013-06-06', 'LTL', 'AED', 10, '7.21090'),
(1058, '2013-06-06', 'LTL', 'AFN', 100, '4.78600'),
(1059, '2013-06-06', 'LTL', 'ALL', 100, '2.45760'),
(1060, '2013-06-06', 'LTL', 'AMD', 1000, '6.34580'),
(1061, '2013-06-06', 'LTL', 'ARS', 10, '5.01660'),
(1062, '2013-06-06', 'LTL', 'AUD', 1, '2.53000'),
(1063, '2013-06-06', 'LTL', 'AZN', 1, '3.37910'),
(1064, '2013-06-06', 'LTL', 'BAM', 1, '1.75900'),
(1065, '2013-06-06', 'LTL', 'BDT', 100, '3.39560'),
(1066, '2013-06-06', 'LTL', 'BGN', 1, '1.76530'),
(1067, '2013-06-06', 'LTL', 'BHD', 1, '7.02540'),
(1068, '2013-06-06', 'LTL', 'BYR', 10000, '3.02980'),
(1069, '2013-06-06', 'LTL', 'BOB', 10, '3.77830'),
(1070, '2013-06-06', 'LTL', 'BRL', 1, '1.25510'),
(1071, '2013-06-06', 'LTL', 'CAD', 1, '2.55380'),
(1072, '2013-06-06', 'LTL', 'CHF', 1, '2.78820'),
(1073, '2013-06-06', 'LTL', 'CLP', 1000, '5.34900'),
(1074, '2013-06-06', 'LTL', 'CNY', 10, '4.30870'),
(1075, '2013-06-06', 'LTL', 'COP', 1000, '1.40090'),
(1076, '2013-06-06', 'LTL', 'CZK', 10, '1.33870'),
(1077, '2013-06-06', 'LTL', 'DKK', 10, '4.63200'),
(1078, '2013-06-06', 'LTL', 'DZD', 100, '3.34720'),
(1079, '2013-06-06', 'LTL', 'EGP', 10, '3.79250'),
(1080, '2013-06-06', 'LTL', 'ETB', 10, '1.41920'),
(1081, '2013-06-06', 'LTL', 'EUR', 1, '3.45280'),
(1082, '2013-06-06', 'LTL', 'GBP', 1, '4.04570'),
(1083, '2013-06-06', 'LTL', 'GEL', 1, '1.61290'),
(1084, '2013-06-06', 'LTL', 'GNF', 10000, '3.76670'),
(1085, '2013-06-06', 'LTL', 'HKD', 10, '3.41150'),
(1086, '2013-06-06', 'LTL', 'HRK', 10, '4.58770'),
(1087, '2013-06-06', 'LTL', 'HUF', 100, '1.17640'),
(1088, '2013-06-06', 'LTL', 'IDR', 10000, '2.70190'),
(1089, '2013-06-06', 'LTL', 'YER', 100, '1.23150'),
(1090, '2013-06-06', 'LTL', 'ILS', 10, '7.19350'),
(1091, '2013-06-06', 'LTL', 'INR', 100, '4.69150'),
(1092, '2013-06-06', 'LTL', 'IQD', 1000, '2.30910'),
(1093, '2013-06-06', 'LTL', 'IRR', 10000, '2.15710'),
(1094, '2013-06-06', 'LTL', 'ISK', 100, '2.16090'),
(1095, '2013-06-06', 'LTL', 'JOD', 1, '3.73670'),
(1096, '2013-06-06', 'LTL', 'JPY', 100, '2.65090'),
(1097, '2013-06-06', 'LTL', 'KES', 100, '3.10860'),
(1098, '2013-06-06', 'LTL', 'KGS', 100, '5.49150'),
(1099, '2013-06-06', 'LTL', 'KRW', 1000, '2.34510'),
(1100, '2013-06-06', 'LTL', 'KWD', 1, '9.26300'),
(1101, '2013-06-06', 'LTL', 'KZT', 100, '1.74470'),
(1102, '2013-06-06', 'LTL', 'LBP', 1000, '1.75110'),
(1103, '2013-06-06', 'LTL', 'LKR', 100, '2.09460'),
(1104, '2013-06-06', 'LTL', 'LVL', 1, '4.91800'),
(1105, '2013-06-06', 'LTL', 'MAD', 10, '3.10270'),
(1106, '2013-06-06', 'LTL', 'MDL', 10, '2.11920'),
(1107, '2013-06-06', 'LTL', 'MGA', 1000, '1.20030'),
(1108, '2013-06-06', 'LTL', 'MYR', 10, '8.58950'),
(1109, '2013-06-06', 'LTL', 'MKD', 100, '5.51780'),
(1110, '2013-06-06', 'LTL', 'MNT', 1000, '1.84250'),
(1111, '2013-06-06', 'LTL', 'MXN', 10, '2.06220'),
(1112, '2013-06-06', 'LTL', 'MZN', 100, '8.96300'),
(1113, '2013-06-06', 'LTL', 'NOK', 10, '4.53520'),
(1114, '2013-06-06', 'LTL', 'NZD', 1, '2.14060'),
(1115, '2013-06-06', 'LTL', 'PAB', 1, '2.64860'),
(1116, '2013-06-06', 'LTL', 'PEN', 10, '9.71590'),
(1117, '2013-06-06', 'LTL', 'PHP', 100, '6.26140'),
(1118, '2013-06-06', 'LTL', 'PKR', 100, '2.68820'),
(1119, '2013-06-06', 'LTL', 'PLN', 10, '8.13550'),
(1120, '2013-06-06', 'LTL', 'QAR', 10, '7.27370'),
(1121, '2013-06-06', 'LTL', 'RON', 10, '7.84470'),
(1122, '2013-06-06', 'LTL', 'RSD', 100, '3.08300'),
(1123, '2013-06-06', 'LTL', 'RUB', 100, '8.24360'),
(1124, '2013-06-06', 'LTL', 'SAR', 10, '7.06250'),
(1125, '2013-06-06', 'LTL', 'SEK', 10, '4.00810'),
(1126, '2013-06-06', 'LTL', 'SGD', 1, '2.09850'),
(1127, '2013-06-06', 'LTL', 'SYP', 100, '2.71930'),
(1128, '2013-06-06', 'LTL', 'THB', 100, '8.77150'),
(1129, '2013-06-06', 'LTL', 'TJS', 10, '5.61100'),
(1130, '2013-06-06', 'LTL', 'TMT', 10, '9.28100'),
(1131, '2013-06-06', 'LTL', 'TND', 1, '1.61790'),
(1132, '2013-06-06', 'LTL', 'TRY', 1, '1.40260'),
(1133, '2013-06-06', 'LTL', 'TWD', 100, '8.85100'),
(1134, '2013-06-06', 'LTL', 'TZS', 1000, '1.62290'),
(1135, '2013-06-06', 'LTL', 'UAH', 10, '3.23840'),
(1136, '2013-06-06', 'LTL', 'UYU', 10, '1.31740'),
(1137, '2013-06-06', 'LTL', 'USD', 1, '2.64050'),
(1138, '2013-06-06', 'LTL', 'UZS', 1000, '1.27240'),
(1139, '2013-06-06', 'LTL', 'VEF', 10, '4.20930'),
(1140, '2013-06-06', 'LTL', 'VND', 10000, '1.26040'),
(1141, '2013-06-06', 'LTL', 'XAF', 1000, '5.26220'),
(1142, '2013-06-06', 'LTL', 'XDR', 1, '3.97200'),
(1143, '2013-06-06', 'LTL', 'XOF', 1000, '5.26220'),
(1144, '2013-06-06', 'LTL', 'ZAR', 10, '2.58610'),
(1145, '2013-06-07', 'LTL', 'AED', 10, '7.21090'),
(1146, '2013-06-07', 'LTL', 'AFN', 100, '4.78600'),
(1147, '2013-06-07', 'LTL', 'ALL', 100, '2.45760'),
(1148, '2013-06-07', 'LTL', 'AMD', 1000, '6.34580'),
(1149, '2013-06-07', 'LTL', 'ARS', 10, '5.01660'),
(1150, '2013-06-07', 'LTL', 'AUD', 1, '2.49390'),
(1151, '2013-06-07', 'LTL', 'AZN', 1, '3.37910'),
(1152, '2013-06-07', 'LTL', 'BAM', 1, '1.75900'),
(1153, '2013-06-07', 'LTL', 'BDT', 100, '3.39560'),
(1154, '2013-06-07', 'LTL', 'BGN', 1, '1.76540'),
(1155, '2013-06-07', 'LTL', 'BHD', 1, '7.02540'),
(1156, '2013-06-07', 'LTL', 'BYR', 10000, '3.01310'),
(1157, '2013-06-07', 'LTL', 'BOB', 10, '3.77830'),
(1158, '2013-06-07', 'LTL', 'BRL', 1, '1.25510'),
(1159, '2013-06-07', 'LTL', 'CAD', 1, '2.54550'),
(1160, '2013-06-07', 'LTL', 'CHF', 1, '2.79660'),
(1161, '2013-06-07', 'LTL', 'CLP', 1000, '5.34900'),
(1162, '2013-06-07', 'LTL', 'CNY', 10, '4.29170'),
(1163, '2013-06-07', 'LTL', 'COP', 1000, '1.40090'),
(1164, '2013-06-07', 'LTL', 'CZK', 10, '1.34020'),
(1165, '2013-06-07', 'LTL', 'DKK', 10, '4.63210'),
(1166, '2013-06-07', 'LTL', 'DZD', 100, '3.34720'),
(1167, '2013-06-07', 'LTL', 'EGP', 10, '3.79250'),
(1168, '2013-06-07', 'LTL', 'ETB', 10, '1.41920'),
(1169, '2013-06-07', 'LTL', 'EUR', 1, '3.45280'),
(1170, '2013-06-07', 'LTL', 'GBP', 1, '4.06250'),
(1171, '2013-06-07', 'LTL', 'GEL', 1, '1.61290'),
(1172, '2013-06-07', 'LTL', 'GNF', 10000, '3.76670'),
(1173, '2013-06-07', 'LTL', 'HKD', 10, '3.41150'),
(1174, '2013-06-07', 'LTL', 'HRK', 10, '4.59300'),
(1175, '2013-06-07', 'LTL', 'HUF', 100, '1.16010'),
(1176, '2013-06-07', 'LTL', 'IDR', 10000, '2.70190'),
(1177, '2013-06-07', 'LTL', 'YER', 100, '1.23150'),
(1178, '2013-06-07', 'LTL', 'ILS', 10, '7.19350'),
(1179, '2013-06-07', 'LTL', 'INR', 100, '4.69150'),
(1180, '2013-06-07', 'LTL', 'IQD', 1000, '2.30910'),
(1181, '2013-06-07', 'LTL', 'IRR', 10000, '2.15710'),
(1182, '2013-06-07', 'LTL', 'ISK', 100, '2.16500'),
(1183, '2013-06-07', 'LTL', 'JOD', 1, '3.73670'),
(1184, '2013-06-07', 'LTL', 'JPY', 100, '2.65130'),
(1185, '2013-06-07', 'LTL', 'KES', 100, '3.10860'),
(1186, '2013-06-07', 'LTL', 'KGS', 100, '5.49150'),
(1187, '2013-06-07', 'LTL', 'KRW', 1000, '2.34510'),
(1188, '2013-06-07', 'LTL', 'KWD', 1, '9.26300'),
(1189, '2013-06-07', 'LTL', 'KZT', 100, '1.73900'),
(1190, '2013-06-07', 'LTL', 'LBP', 1000, '1.75110'),
(1191, '2013-06-07', 'LTL', 'LKR', 100, '2.09460'),
(1192, '2013-06-07', 'LTL', 'LVL', 1, '4.91580'),
(1193, '2013-06-07', 'LTL', 'MAD', 10, '3.10270'),
(1194, '2013-06-07', 'LTL', 'MDL', 10, '2.10750'),
(1195, '2013-06-07', 'LTL', 'MGA', 1000, '1.20030'),
(1196, '2013-06-07', 'LTL', 'MYR', 10, '8.58950'),
(1197, '2013-06-07', 'LTL', 'MKD', 100, '5.51780'),
(1198, '2013-06-07', 'LTL', 'MNT', 1000, '1.84250'),
(1199, '2013-06-07', 'LTL', 'MXN', 10, '2.06220'),
(1200, '2013-06-07', 'LTL', 'MZN', 100, '8.96300'),
(1201, '2013-06-07', 'LTL', 'NOK', 10, '4.53820'),
(1202, '2013-06-07', 'LTL', 'NZD', 1, '2.14060'),
(1203, '2013-06-07', 'LTL', 'PAB', 1, '2.64860'),
(1204, '2013-06-07', 'LTL', 'PEN', 10, '9.71590'),
(1205, '2013-06-07', 'LTL', 'PHP', 100, '6.26140'),
(1206, '2013-06-07', 'LTL', 'PKR', 100, '2.68820'),
(1207, '2013-06-07', 'LTL', 'PLN', 10, '8.05790'),
(1208, '2013-06-07', 'LTL', 'QAR', 10, '7.27370'),
(1209, '2013-06-07', 'LTL', 'RON', 10, '7.69710'),
(1210, '2013-06-07', 'LTL', 'RSD', 100, '3.08300'),
(1211, '2013-06-07', 'LTL', 'RUB', 100, '8.19450'),
(1212, '2013-06-07', 'LTL', 'SAR', 10, '7.06250'),
(1213, '2013-06-07', 'LTL', 'SEK', 10, '4.00230'),
(1214, '2013-06-07', 'LTL', 'SGD', 1, '2.09850'),
(1215, '2013-06-07', 'LTL', 'SYP', 100, '2.71930'),
(1216, '2013-06-07', 'LTL', 'THB', 100, '8.77150'),
(1217, '2013-06-07', 'LTL', 'TJS', 10, '5.61100'),
(1218, '2013-06-07', 'LTL', 'TMT', 10, '9.28100'),
(1219, '2013-06-07', 'LTL', 'TND', 1, '1.61790'),
(1220, '2013-06-07', 'LTL', 'TRY', 1, '1.39380'),
(1221, '2013-06-07', 'LTL', 'TWD', 100, '8.85100'),
(1222, '2013-06-07', 'LTL', 'TZS', 1000, '1.62290'),
(1223, '2013-06-07', 'LTL', 'UAH', 10, '3.22740'),
(1224, '2013-06-07', 'LTL', 'UYU', 10, '1.31740'),
(1225, '2013-06-07', 'LTL', 'USD', 1, '2.63190'),
(1226, '2013-06-07', 'LTL', 'UZS', 1000, '1.27240'),
(1227, '2013-06-07', 'LTL', 'VEF', 10, '4.20930'),
(1228, '2013-06-07', 'LTL', 'VND', 10000, '1.26040'),
(1229, '2013-06-07', 'LTL', 'XAF', 1000, '5.26220'),
(1230, '2013-06-07', 'LTL', 'XDR', 1, '3.95980'),
(1231, '2013-06-07', 'LTL', 'XOF', 1000, '5.26220'),
(1232, '2013-06-07', 'LTL', 'ZAR', 10, '2.58610'),
(1233, '2013-06-17', 'LTL', 'AED', 10, '7.04910'),
(1234, '2013-06-17', 'LTL', 'AFN', 100, '4.65830'),
(1235, '2013-06-17', 'LTL', 'ALL', 100, '2.44610'),
(1236, '2013-06-17', 'LTL', 'AMD', 1000, '6.25380'),
(1237, '2013-06-17', 'LTL', 'ARS', 10, '4.86100'),
(1238, '2013-06-17', 'LTL', 'AUD', 1, '2.48360'),
(1239, '2013-06-17', 'LTL', 'AZN', 1, '3.30320'),
(1240, '2013-06-17', 'LTL', 'BAM', 1, '1.76960'),
(1241, '2013-06-17', 'LTL', 'BDT', 100, '3.32020'),
(1242, '2013-06-17', 'LTL', 'BGN', 1, '1.76530'),
(1243, '2013-06-17', 'LTL', 'BHD', 1, '6.86760'),
(1244, '2013-06-17', 'LTL', 'BYR', 10000, '2.95730'),
(1245, '2013-06-17', 'LTL', 'BOB', 10, '3.69340'),
(1246, '2013-06-17', 'LTL', 'BRL', 1, '1.22140'),
(1247, '2013-06-17', 'LTL', 'CAD', 1, '2.54320'),
(1248, '2013-06-17', 'LTL', 'CHF', 1, '2.80520'),
(1249, '2013-06-17', 'LTL', 'CLP', 1000, '5.24110'),
(1250, '2013-06-17', 'LTL', 'CNY', 10, '4.22240'),
(1251, '2013-06-17', 'LTL', 'COP', 1000, '1.36870'),
(1252, '2013-06-17', 'LTL', 'CZK', 10, '1.34490'),
(1253, '2013-06-17', 'LTL', 'DJF', 100, '1.47990'),
(1254, '2013-06-17', 'LTL', 'DKK', 10, '4.62910'),
(1255, '2013-06-17', 'LTL', 'DZD', 100, '3.28570'),
(1256, '2013-06-17', 'LTL', 'EGP', 10, '3.70230'),
(1257, '2013-06-17', 'LTL', 'ETB', 10, '1.38450'),
(1258, '2013-06-17', 'LTL', 'EUR', 1, '3.45280'),
(1259, '2013-06-17', 'LTL', 'GBP', 1, '4.06010'),
(1260, '2013-06-17', 'LTL', 'GEL', 1, '1.56240'),
(1261, '2013-06-17', 'LTL', 'GNF', 10000, '3.69760'),
(1262, '2013-06-17', 'LTL', 'HKD', 10, '3.33520'),
(1263, '2013-06-17', 'LTL', 'HRK', 10, '4.62440'),
(1264, '2013-06-17', 'LTL', 'HUF', 100, '1.18200'),
(1265, '2013-06-17', 'LTL', 'IDR', 10000, '2.62120'),
(1266, '2013-06-17', 'LTL', 'YER', 100, '1.20120'),
(1267, '2013-06-17', 'LTL', 'ILS', 10, '7.17610'),
(1268, '2013-06-17', 'LTL', 'INR', 100, '4.48400'),
(1269, '2013-06-17', 'LTL', 'IQD', 1000, '2.22810'),
(1270, '2013-06-17', 'LTL', 'IRR', 10000, '2.10860'),
(1271, '2013-06-17', 'LTL', 'ISK', 100, '2.15250'),
(1272, '2013-06-17', 'LTL', 'JOD', 1, '3.65430'),
(1273, '2013-06-17', 'LTL', 'JPY', 100, '2.73020'),
(1274, '2013-06-17', 'LTL', 'KES', 100, '3.03170'),
(1275, '2013-06-17', 'LTL', 'KGS', 100, '5.34930'),
(1276, '2013-06-17', 'LTL', 'KRW', 1000, '2.29810'),
(1277, '2013-06-17', 'LTL', 'KWD', 1, '9.14130'),
(1278, '2013-06-17', 'LTL', 'KZT', 100, '1.71120'),
(1279, '2013-06-17', 'LTL', 'LBP', 1000, '1.71240'),
(1280, '2013-06-17', 'LTL', 'LKR', 100, '2.01480'),
(1281, '2013-06-17', 'LTL', 'LVL', 1, '4.92030'),
(1282, '2013-06-17', 'LTL', 'MAD', 10, '3.09060'),
(1283, '2013-06-17', 'LTL', 'MDL', 10, '2.08970'),
(1284, '2013-06-17', 'LTL', 'MGA', 1000, '1.19340'),
(1285, '2013-06-17', 'LTL', 'MYR', 10, '8.30630'),
(1286, '2013-06-17', 'LTL', 'MKD', 100, '5.58290'),
(1287, '2013-06-17', 'LTL', 'MNT', 1000, '1.82650');
INSERT INTO `exchange_rates` (`id`, `ratedate`, `from_currency`, `to_currency`, `quantity`, `rate`) VALUES
(1288, '2013-06-17', 'LTL', 'MXN', 10, '2.04440'),
(1289, '2013-06-17', 'LTL', 'MZN', 100, '8.67360'),
(1290, '2013-06-17', 'LTL', 'NOK', 10, '4.50150'),
(1291, '2013-06-17', 'LTL', 'NZD', 1, '2.08580'),
(1292, '2013-06-17', 'LTL', 'PAB', 1, '2.58910'),
(1293, '2013-06-17', 'LTL', 'PEN', 10, '9.46650'),
(1294, '2013-06-17', 'LTL', 'PHP', 100, '6.04360'),
(1295, '2013-06-17', 'LTL', 'PKR', 100, '2.62860'),
(1296, '2013-06-17', 'LTL', 'PLN', 10, '8.17200'),
(1297, '2013-06-17', 'LTL', 'QAR', 10, '7.10990'),
(1298, '2013-06-17', 'LTL', 'RON', 10, '7.74800'),
(1299, '2013-06-17', 'LTL', 'RSD', 100, '3.03010'),
(1300, '2013-06-17', 'LTL', 'RUB', 100, '8.14040'),
(1301, '2013-06-17', 'LTL', 'SAR', 10, '6.90390'),
(1302, '2013-06-17', 'LTL', 'SEK', 10, '3.98560'),
(1303, '2013-06-17', 'LTL', 'SGD', 1, '2.06780'),
(1304, '2013-06-17', 'LTL', 'SYP', 100, '2.59970'),
(1305, '2013-06-17', 'LTL', 'THB', 100, '8.47490'),
(1306, '2013-06-17', 'LTL', 'TJS', 10, '5.43910'),
(1307, '2013-06-17', 'LTL', 'TMT', 10, '9.10690'),
(1308, '2013-06-17', 'LTL', 'TND', 1, '1.59670'),
(1309, '2013-06-17', 'LTL', 'TRY', 1, '1.39270'),
(1310, '2013-06-17', 'LTL', 'TWD', 100, '8.67250'),
(1311, '2013-06-17', 'LTL', 'TZS', 1000, '1.58060'),
(1312, '2013-06-17', 'LTL', 'UAH', 10, '3.17650'),
(1313, '2013-06-17', 'LTL', 'UYU', 10, '1.25410'),
(1314, '2013-06-17', 'LTL', 'USD', 1, '2.58910'),
(1315, '2013-06-17', 'LTL', 'UZS', 1000, '1.23730'),
(1316, '2013-06-17', 'LTL', 'VEF', 10, '4.11480'),
(1317, '2013-06-17', 'LTL', 'VND', 10000, '1.23270'),
(1318, '2013-06-17', 'LTL', 'XAF', 1000, '5.26110'),
(1319, '2013-06-17', 'LTL', 'XDR', 1, '3.95090'),
(1320, '2013-06-17', 'LTL', 'XOF', 1000, '5.24680'),
(1321, '2013-06-17', 'LTL', 'ZAR', 10, '2.61840'),
(1322, '2013-06-18', 'LTL', 'AED', 10, '7.04910'),
(1323, '2013-06-18', 'LTL', 'AFN', 100, '4.65830'),
(1324, '2013-06-18', 'LTL', 'ALL', 100, '2.44610'),
(1325, '2013-06-18', 'LTL', 'AMD', 1000, '6.25380'),
(1326, '2013-06-18', 'LTL', 'ARS', 10, '4.86100'),
(1327, '2013-06-18', 'LTL', 'AUD', 1, '2.49340'),
(1328, '2013-06-18', 'LTL', 'AZN', 1, '3.30320'),
(1329, '2013-06-18', 'LTL', 'BAM', 1, '1.76960'),
(1330, '2013-06-18', 'LTL', 'BDT', 100, '3.32020'),
(1331, '2013-06-18', 'LTL', 'BGN', 1, '1.76530'),
(1332, '2013-06-18', 'LTL', 'BHD', 1, '6.86760'),
(1333, '2013-06-18', 'LTL', 'BYR', 10000, '2.97380'),
(1334, '2013-06-18', 'LTL', 'BOB', 10, '3.69340'),
(1335, '2013-06-18', 'LTL', 'BRL', 1, '1.22140'),
(1336, '2013-06-18', 'LTL', 'CAD', 1, '2.55240'),
(1337, '2013-06-18', 'LTL', 'CHF', 1, '2.80290'),
(1338, '2013-06-18', 'LTL', 'CLP', 1000, '5.24110'),
(1339, '2013-06-18', 'LTL', 'CNY', 10, '4.23150'),
(1340, '2013-06-18', 'LTL', 'COP', 1000, '1.36870'),
(1341, '2013-06-18', 'LTL', 'CZK', 10, '1.33880'),
(1342, '2013-06-18', 'LTL', 'DJF', 100, '1.47990'),
(1343, '2013-06-18', 'LTL', 'DKK', 10, '4.62930'),
(1344, '2013-06-18', 'LTL', 'DZD', 100, '3.28570'),
(1345, '2013-06-18', 'LTL', 'EGP', 10, '3.70230'),
(1346, '2013-06-18', 'LTL', 'ETB', 10, '1.38450'),
(1347, '2013-06-18', 'LTL', 'EUR', 1, '3.45280'),
(1348, '2013-06-18', 'LTL', 'GBP', 1, '4.06780'),
(1349, '2013-06-18', 'LTL', 'GEL', 1, '1.56240'),
(1350, '2013-06-18', 'LTL', 'GNF', 10000, '3.69760'),
(1351, '2013-06-18', 'LTL', 'HKD', 10, '3.33520'),
(1352, '2013-06-18', 'LTL', 'HRK', 10, '4.62530'),
(1353, '2013-06-18', 'LTL', 'HUF', 100, '1.18760'),
(1354, '2013-06-18', 'LTL', 'IDR', 10000, '2.62120'),
(1355, '2013-06-18', 'LTL', 'YER', 100, '1.20120'),
(1356, '2013-06-18', 'LTL', 'ILS', 10, '7.17610'),
(1357, '2013-06-18', 'LTL', 'INR', 100, '4.48400'),
(1358, '2013-06-18', 'LTL', 'IQD', 1000, '2.22810'),
(1359, '2013-06-18', 'LTL', 'IRR', 10000, '2.10860'),
(1360, '2013-06-18', 'LTL', 'ISK', 100, '2.15270'),
(1361, '2013-06-18', 'LTL', 'JOD', 1, '3.65430'),
(1362, '2013-06-18', 'LTL', 'JPY', 100, '2.72600'),
(1363, '2013-06-18', 'LTL', 'KES', 100, '3.03170'),
(1364, '2013-06-18', 'LTL', 'KGS', 100, '5.34930'),
(1365, '2013-06-18', 'LTL', 'KRW', 1000, '2.29810'),
(1366, '2013-06-18', 'LTL', 'KWD', 1, '9.14130'),
(1367, '2013-06-18', 'LTL', 'KZT', 100, '1.71240'),
(1368, '2013-06-18', 'LTL', 'LBP', 1000, '1.71240'),
(1369, '2013-06-18', 'LTL', 'LKR', 100, '2.01480'),
(1370, '2013-06-18', 'LTL', 'LVL', 1, '4.92060'),
(1371, '2013-06-18', 'LTL', 'MAD', 10, '3.09060'),
(1372, '2013-06-18', 'LTL', 'MDL', 10, '2.09680'),
(1373, '2013-06-18', 'LTL', 'MGA', 1000, '1.19340'),
(1374, '2013-06-18', 'LTL', 'MYR', 10, '8.30630'),
(1375, '2013-06-18', 'LTL', 'MKD', 100, '5.58290'),
(1376, '2013-06-18', 'LTL', 'MNT', 1000, '1.82650'),
(1377, '2013-06-18', 'LTL', 'MXN', 10, '2.04440'),
(1378, '2013-06-18', 'LTL', 'MZN', 100, '8.67360'),
(1379, '2013-06-18', 'LTL', 'NOK', 10, '4.53080'),
(1380, '2013-06-18', 'LTL', 'NZD', 1, '2.08580'),
(1381, '2013-06-18', 'LTL', 'PAB', 1, '2.58910'),
(1382, '2013-06-18', 'LTL', 'PEN', 10, '9.46650'),
(1383, '2013-06-18', 'LTL', 'PHP', 100, '6.04360'),
(1384, '2013-06-18', 'LTL', 'PKR', 100, '2.62860'),
(1385, '2013-06-18', 'LTL', 'PLN', 10, '8.15050'),
(1386, '2013-06-18', 'LTL', 'QAR', 10, '7.10990'),
(1387, '2013-06-18', 'LTL', 'RON', 10, '7.76700'),
(1388, '2013-06-18', 'LTL', 'RSD', 100, '3.03010'),
(1389, '2013-06-18', 'LTL', 'RUB', 100, '8.18550'),
(1390, '2013-06-18', 'LTL', 'SAR', 10, '6.90390'),
(1391, '2013-06-18', 'LTL', 'SEK', 10, '4.01720'),
(1392, '2013-06-18', 'LTL', 'SGD', 1, '2.06780'),
(1393, '2013-06-18', 'LTL', 'SYP', 100, '2.59970'),
(1394, '2013-06-18', 'LTL', 'THB', 100, '8.47490'),
(1395, '2013-06-18', 'LTL', 'TJS', 10, '5.43910'),
(1396, '2013-06-18', 'LTL', 'TMT', 10, '9.10690'),
(1397, '2013-06-18', 'LTL', 'TND', 1, '1.59670'),
(1398, '2013-06-18', 'LTL', 'TRY', 1, '1.38780'),
(1399, '2013-06-18', 'LTL', 'TWD', 100, '8.67250'),
(1400, '2013-06-18', 'LTL', 'TZS', 1000, '1.58060'),
(1401, '2013-06-18', 'LTL', 'UAH', 10, '3.17970'),
(1402, '2013-06-18', 'LTL', 'UYU', 10, '1.25410'),
(1403, '2013-06-18', 'LTL', 'USD', 1, '2.59170'),
(1404, '2013-06-18', 'LTL', 'UZS', 1000, '1.23730'),
(1405, '2013-06-18', 'LTL', 'VEF', 10, '4.11480'),
(1406, '2013-06-18', 'LTL', 'VND', 10000, '1.23270'),
(1407, '2013-06-18', 'LTL', 'XAF', 1000, '5.26110'),
(1408, '2013-06-18', 'LTL', 'XDR', 1, '3.95080'),
(1409, '2013-06-18', 'LTL', 'XOF', 1000, '5.24680'),
(1410, '2013-06-18', 'LTL', 'ZAR', 10, '2.61840');

-- --------------------------------------------------------

--
-- Sukurta duomenų struktūra lentelei `logger_actions`
--

CREATE TABLE IF NOT EXISTS `logger_actions` (
  `id` int(11) NOT NULL AUTO_INCREMENT,
  `name` varchar(255) COLLATE utf8_lithuanian_ci DEFAULT NULL,
  `ip` varchar(255) COLLATE utf8_lithuanian_ci DEFAULT NULL,
  `user_id` int(11) DEFAULT NULL,
  `on_` datetime DEFAULT NULL,
  `attached_to` varchar(255) COLLATE utf8_lithuanian_ci DEFAULT NULL,
  `attached_id` int(11) DEFAULT NULL,
  PRIMARY KEY (`id`)
) ENGINE=InnoDB  DEFAULT CHARSET=utf8 COLLATE=utf8_lithuanian_ci AUTO_INCREMENT=260 ;

--
-- Sukurta duomenų kopija lentelei `logger_actions`
--

INSERT INTO `logger_actions` (`id`, `name`, `ip`, `user_id`, `on_`, `attached_to`, `attached_id`) VALUES
(4, 'create', '127.0.0.1', 1, '2013-06-07 05:46:58', 'Real', 58),
(16, 'view', '127.0.0.1', 1, '2013-06-07 06:02:27', 'Real', 1),
(17, 'create', '127.0.0.1', 1, '2013-06-07 06:12:44', 'Real', 60),
(18, 'view', '127.0.0.1', 1, '2013-06-07 06:12:44', 'Real', 60),
(19, 'create', '127.0.0.1', 1, '2013-06-07 06:16:11', 'Real', 61),
(20, 'view', '127.0.0.1', 1, '2013-06-07 06:16:11', 'Real', 61),
(21, 'create', '127.0.0.1', 1, '2013-06-07 06:17:17', 'Real', 62),
(22, 'view', '127.0.0.1', 1, '2013-06-07 06:17:18', 'Real', 62),
(23, 'create', '127.0.0.1', 1, '2013-06-07 06:18:02', 'Real', 63),
(24, 'view', '127.0.0.1', 1, '2013-06-07 06:18:02', 'Real', 63),
(25, 'create', '127.0.0.1', 1, '2013-06-07 06:26:17', 'Real', 64),
(26, 'view', '127.0.0.1', 1, '2013-06-07 06:26:18', 'Real', 64),
(27, 'create', '127.0.0.1', 1, '2013-06-07 06:26:52', 'Real', 65),
(28, 'view', '127.0.0.1', 1, '2013-06-07 06:26:52', 'Real', 65),
(29, 'create', '127.0.0.1', 1, '2013-06-07 06:27:31', 'Real', 66),
(30, 'view', '127.0.0.1', 1, '2013-06-07 06:27:32', 'Real', 66),
(31, 'view', '127.0.0.1', 1, '2013-06-07 06:27:39', 'Real', 66),
(32, 'create', '127.0.0.1', 1, '2013-06-07 06:32:37', 'Real', 67),
(33, 'view', '127.0.0.1', 1, '2013-06-07 06:32:37', 'Real', 67),
(34, 'create', '127.0.0.1', 1, '2013-06-07 06:33:04', 'Real', 68),
(35, 'view', '127.0.0.1', 1, '2013-06-07 06:33:05', 'Real', 68),
(36, 'create', '127.0.0.1', 1, '2013-06-07 06:33:34', 'Real', 69),
(37, 'view', '127.0.0.1', 1, '2013-06-07 06:33:34', 'Real', 69),
(38, 'create', '127.0.0.1', 1, '2013-06-07 06:33:52', 'Real', 70),
(39, 'view', '127.0.0.1', 1, '2013-06-07 06:33:53', 'Real', 70),
(40, 'create', '127.0.0.1', 1, '2013-06-07 06:36:26', 'Real', 71),
(41, 'view', '127.0.0.1', 1, '2013-06-07 06:36:27', 'Real', 71),
(42, 'view', '127.0.0.1', NULL, '2013-06-07 10:09:20', 'Real', 6),
(43, 'view', '127.0.0.1', 1, '2013-06-07 10:33:22', 'Real', 71),
(44, 'view', '127.0.0.1', 1, '2013-06-07 10:34:33', 'Real', 71),
(45, 'view', '127.0.0.1', 1, '2013-06-07 10:34:38', 'Real', 69),
(46, 'view', '127.0.0.1', 1, '2013-06-07 10:35:30', 'Real', 69),
(47, 'create', '127.0.0.1', 1, '2013-06-07 11:13:57', 'Real', 72),
(48, 'view', '127.0.0.1', 1, '2013-06-07 11:13:58', 'Real', 72),
(49, 'view', '127.0.0.1', NULL, '2013-06-10 04:45:33', 'Real', 71),
(50, 'view', '127.0.0.1', NULL, '2013-06-10 04:45:46', 'Real', 71),
(51, 'view', '127.0.0.1', 1, '2013-06-10 10:28:47', 'Real', 1),
(52, 'view', '127.0.0.1', NULL, '2013-06-11 04:55:27', 'Real', 4),
(53, 'view', '127.0.0.1', 1, '2013-06-11 05:55:12', 'Real', 1),
(54, 'view', '127.0.0.1', 1, '2013-06-11 05:55:18', 'Real', 5),
(55, 'view', '127.0.0.1', 1, '2013-06-11 05:59:19', 'Real', 5),
(56, 'view', '127.0.0.1', 1, '2013-06-11 05:59:25', 'Real', 5),
(57, 'view', '127.0.0.1', 1, '2013-06-11 05:59:28', 'Real', 5),
(58, 'view', '127.0.0.1', 1, '2013-06-11 05:59:55', 'Real', 5),
(59, 'view', '127.0.0.1', 1, '2013-06-11 06:00:24', 'Real', 5),
(60, 'view', '127.0.0.1', 1, '2013-06-11 06:00:35', 'Real', 5),
(61, 'view', '127.0.0.1', 1, '2013-06-11 06:00:42', 'Real', 5),
(62, 'view', '127.0.0.1', 1, '2013-06-11 06:02:09', 'Real', 6),
(63, 'view', '127.0.0.1', 1, '2013-06-11 06:02:16', 'Real', 6),
(64, 'view', '127.0.0.1', 1, '2013-06-11 06:02:31', 'Real', 1),
(65, 'view', '127.0.0.1', 1, '2013-06-11 06:18:08', 'Real', 8),
(66, 'view', '127.0.0.1', 1, '2013-06-11 06:18:29', 'Real', 8),
(67, 'view', '127.0.0.1', 1, '2013-06-11 06:43:26', 'Real', 9),
(68, 'view', '127.0.0.1', 1, '2013-06-11 07:14:37', 'Real', 9),
(69, 'view', '127.0.0.1', 1, '2013-06-11 07:20:38', 'Real', 1),
(70, 'view', '127.0.0.1', 1, '2013-06-11 07:20:48', 'Real', 6),
(71, 'view', '127.0.0.1', 1, '2013-06-11 07:20:53', 'Real', 5),
(72, 'view', '127.0.0.1', 1, '2013-06-11 07:21:09', 'Real', 5),
(73, 'view', '127.0.0.1', 1, '2013-06-11 07:22:42', 'Real', 5),
(74, 'view', '127.0.0.1', 1, '2013-06-11 07:22:47', 'Real', 5),
(75, 'view', '127.0.0.1', 1, '2013-06-11 07:26:26', 'Real', 5),
(76, 'view', '127.0.0.1', 1, '2013-06-11 07:30:02', 'Real', 5),
(77, 'view', '127.0.0.1', 1, '2013-06-11 07:33:56', 'Real', 5),
(78, 'view', '127.0.0.1', 1, '2013-06-11 07:34:01', 'Real', 5),
(79, 'view', '127.0.0.1', 1, '2013-06-11 07:34:04', 'Real', 5),
(80, 'view', '127.0.0.1', 1, '2013-06-11 07:34:06', 'Real', 5),
(81, 'view', '127.0.0.1', 1, '2013-06-11 07:34:12', 'Real', 5),
(82, 'view', '127.0.0.1', 1, '2013-06-11 07:37:16', 'Real', 5),
(83, 'view', '127.0.0.1', 1, '2013-06-11 07:37:20', 'Real', 5),
(84, 'view', '127.0.0.1', 1, '2013-06-11 07:37:22', 'Real', 5),
(85, 'view', '127.0.0.1', 1, '2013-06-11 07:40:29', 'Real', 5),
(86, 'view', '127.0.0.1', 1, '2013-06-11 07:40:37', 'Real', 5),
(87, 'view', '127.0.0.1', 1, '2013-06-11 08:36:26', 'Real', 72),
(88, 'view', '127.0.0.1', 1, '2013-06-11 10:49:32', 'Real', 9),
(89, 'view', '127.0.0.1', 1, '2013-06-11 11:39:30', 'Real', 1),
(90, 'view', '127.0.0.1', 1, '2013-06-11 11:39:36', 'Real', 8),
(91, 'view', '127.0.0.1', 1, '2013-06-11 11:49:15', 'Real', 1),
(92, 'view', '127.0.0.1', 1, '2013-06-12 06:01:37', 'Real', 1),
(93, 'view', '127.0.0.1', 1, '2013-06-12 06:03:32', 'Real', 3),
(94, 'view', '127.0.0.1', 1, '2013-06-12 07:08:19', 'Real', 7),
(95, 'view', '127.0.0.1', 1, '2013-06-12 07:22:24', 'Real', 72),
(96, 'view', '127.0.0.1', 1, '2013-06-12 09:45:27', 'Real', 9),
(97, 'view', '127.0.0.1', 1, '2013-06-12 09:45:33', 'Real', 1),
(98, 'view', '127.0.0.1', 1, '2013-06-12 09:45:43', 'Real', 1),
(99, 'view', '127.0.0.1', 1, '2013-06-12 09:45:46', 'Real', 1),
(100, 'view', '127.0.0.1', 1, '2013-06-12 09:45:48', 'Real', 1),
(101, 'view', '127.0.0.1', 1, '2013-06-12 09:45:49', 'Real', 1),
(102, 'view', '127.0.0.1', 1, '2013-06-12 09:45:52', 'Real', 1),
(103, 'view', '127.0.0.1', 1, '2013-06-12 09:45:55', 'Real', 1),
(104, 'view', '127.0.0.1', 1, '2013-06-12 09:46:02', 'Real', 1),
(105, 'view', '127.0.0.1', 1, '2013-06-12 09:46:05', 'Real', 1),
(106, 'view', '127.0.0.1', 1, '2013-06-12 09:46:07', 'Real', 1),
(107, 'view', '127.0.0.1', 1, '2013-06-12 09:46:53', 'Real', 1),
(108, 'view', '127.0.0.1', 1, '2013-06-12 09:46:58', 'Real', 1),
(109, 'view', '127.0.0.1', 1, '2013-06-12 09:47:00', 'Real', 1),
(110, 'view', '127.0.0.1', 1, '2013-06-12 09:47:03', 'Real', 1),
(111, 'view', '127.0.0.1', 1, '2013-06-12 09:47:06', 'Real', 1),
(112, 'view', '127.0.0.1', 1, '2013-06-12 09:47:07', 'Real', 1),
(113, 'view', '127.0.0.1', 1, '2013-06-12 09:47:30', 'Real', 1),
(114, 'view', '127.0.0.1', 1, '2013-06-12 09:47:35', 'Real', 1),
(115, 'view', '127.0.0.1', 1, '2013-06-12 09:47:42', 'Real', 9),
(116, 'view', '127.0.0.1', 1, '2013-06-12 09:47:53', 'Real', 1),
(117, 'view', '127.0.0.1', 1, '2013-06-12 10:40:11', 'Real', 39),
(118, 'view', '127.0.0.1', 1, '2013-06-12 10:41:19', 'Real', 1),
(119, 'view', '127.0.0.1', 1, '2013-06-12 10:41:26', 'Real', 1),
(120, 'view', '127.0.0.1', 1, '2013-06-12 10:45:52', 'Real', 1),
(121, 'view', '127.0.0.1', 1, '2013-06-12 10:45:55', 'Real', 1),
(122, 'view', '127.0.0.1', 1, '2013-06-12 10:45:56', 'Real', 1),
(123, 'view', '127.0.0.1', 1, '2013-06-12 10:45:57', 'Real', 1),
(124, 'view', '127.0.0.1', 1, '2013-06-12 10:46:00', 'Real', 1),
(125, 'view', '127.0.0.1', 1, '2013-06-12 10:46:02', 'Real', 1),
(126, 'view', '127.0.0.1', 1, '2013-06-12 10:46:22', 'Real', 1),
(127, 'view', '127.0.0.1', 1, '2013-06-12 10:46:35', 'Real', 1),
(128, 'view', '127.0.0.1', 1, '2013-06-12 10:57:56', 'Real', 3),
(129, 'view', '127.0.0.1', 1, '2013-06-12 10:58:12', 'Real', 3),
(130, 'view', '127.0.0.1', 1, '2013-06-12 10:58:14', 'Real', 3),
(131, 'view', '127.0.0.1', 1, '2013-06-12 10:59:07', 'Real', 3),
(132, 'view', '127.0.0.1', 1, '2013-06-12 10:59:31', 'Real', 3),
(133, 'view', '127.0.0.1', 1, '2013-06-12 10:59:41', 'Real', 3),
(134, 'view', '127.0.0.1', 1, '2013-06-12 10:59:47', 'Real', 3),
(135, 'view', '127.0.0.1', 1, '2013-06-12 11:00:23', 'Real', 3),
(136, 'view', '127.0.0.1', 1, '2013-06-12 11:01:27', 'Real', 3),
(137, 'view', '127.0.0.1', 1, '2013-06-12 11:01:31', 'Real', 3),
(138, 'view', '127.0.0.1', 1, '2013-06-12 11:01:31', 'Real', 3),
(139, 'view', '127.0.0.1', NULL, '2013-06-12 11:01:37', 'Real', 3),
(140, 'view', '127.0.0.1', NULL, '2013-06-12 11:02:46', 'Real', 3),
(141, 'view', '127.0.0.1', NULL, '2013-06-12 11:02:52', 'Real', 3),
(142, 'view', '127.0.0.1', NULL, '2013-06-12 11:03:08', 'Real', 3),
(143, 'view', '127.0.0.1', NULL, '2013-06-12 11:03:23', 'Real', 3),
(144, 'view', '127.0.0.1', NULL, '2013-06-12 11:03:35', 'Real', 3),
(145, 'view', '127.0.0.1', 1, '2013-06-12 11:23:20', 'Real', 3),
(146, 'view', '127.0.0.1', 1, '2013-06-12 11:23:33', 'Real', 3),
(147, 'view', '127.0.0.1', 1, '2013-06-12 11:24:58', 'Real', 9),
(148, 'view', '127.0.0.1', 1, '2013-06-12 11:49:39', 'Real', 3),
(149, 'view', '127.0.0.1', 1, '2013-06-12 11:49:42', 'Real', 3),
(150, 'view', '127.0.0.1', 1, '2013-06-12 11:49:43', 'Real', 3),
(151, 'view', '127.0.0.1', 1, '2013-06-12 11:49:46', 'Real', 3),
(152, 'view', '127.0.0.1', 1, '2013-06-12 11:49:49', 'Real', 3),
(153, 'view', '127.0.0.1', NULL, '2013-06-13 04:26:24', 'Real', 1),
(154, 'view', '127.0.0.1', NULL, '2013-06-13 04:26:28', 'Real', 1),
(155, 'view', '127.0.0.1', NULL, '2013-06-13 04:26:40', 'Real', 1),
(156, 'view', '127.0.0.1', NULL, '2013-06-13 04:26:42', 'Real', 1),
(157, 'view', '127.0.0.1', NULL, '2013-06-13 04:26:47', 'Real', 1),
(158, 'view', '127.0.0.1', NULL, '2013-06-13 04:29:53', 'Real', 19),
(159, 'view', '127.0.0.1', 1, '2013-06-13 07:52:49', 'Real', 1),
(160, 'view', '127.0.0.1', 1, '2013-06-13 07:53:06', 'Real', 11),
(161, 'view', '127.0.0.1', 1, '2013-06-13 07:53:21', 'Real', 11),
(162, 'view', '127.0.0.1', 1, '2013-06-13 07:55:52', 'Real', 11),
(163, 'view', '127.0.0.1', 1, '2013-06-13 08:55:29', 'Real', 3),
(164, 'view', '127.0.0.1', 1, '2013-06-14 09:26:07', 'Real', 19),
(165, 'view', '127.0.0.1', 1, '2013-06-14 09:26:16', 'Real', 12),
(166, 'view', '127.0.0.1', 1, '2013-06-14 09:26:29', 'Real', 12),
(167, 'view', '127.0.0.1', 1, '2013-06-14 09:30:49', 'Real', 12),
(168, 'view', '127.0.0.1', 1, '2013-06-14 09:31:07', 'Real', 12),
(169, 'view', '127.0.0.1', 1, '2013-06-14 09:43:05', 'Real', 11),
(170, 'view', '127.0.0.1', 1, '2013-06-14 09:43:24', 'Real', 19),
(171, 'view', '127.0.0.1', 1, '2013-06-14 09:43:37', 'Real', 19),
(172, 'view', '127.0.0.1', 1, '2013-06-14 09:50:01', 'Real', 1),
(173, 'view', '127.0.0.1', 1, '2013-06-14 09:51:13', 'Real', 1),
(174, 'view', '127.0.0.1', 1, '2013-06-14 09:52:27', 'Real', 1),
(175, 'view', '127.0.0.1', 1, '2013-06-14 09:53:44', 'Real', 1),
(176, 'view', '127.0.0.1', 1, '2013-06-14 09:54:09', 'Real', 1),
(177, 'view', '127.0.0.1', 1, '2013-06-14 09:54:53', 'Real', 1),
(178, 'view', '127.0.0.1', 1, '2013-06-14 09:55:11', 'Real', 19),
(179, 'view', '127.0.0.1', 1, '2013-06-14 09:55:38', 'Real', 19),
(180, 'view', '127.0.0.1', 1, '2013-06-14 09:56:12', 'Real', 19),
(181, 'view', '127.0.0.1', 1, '2013-06-14 09:56:31', 'Real', 19),
(182, 'view', '127.0.0.1', 1, '2013-06-14 09:56:45', 'Real', 19),
(183, 'view', '127.0.0.1', 1, '2013-06-14 09:56:57', 'Real', 19),
(184, 'view', '127.0.0.1', 1, '2013-06-14 09:57:39', 'Real', 19),
(185, 'view', '127.0.0.1', 1, '2013-06-14 09:58:08', 'Real', 19),
(186, 'view', '127.0.0.1', 1, '2013-06-14 09:59:30', 'Real', 19),
(187, 'view', '127.0.0.1', 1, '2013-06-14 10:00:04', 'Real', 19),
(188, 'view', '127.0.0.1', 1, '2013-06-14 10:00:22', 'Real', 19),
(189, 'view', '127.0.0.1', 1, '2013-06-14 10:00:25', 'Real', 19),
(190, 'view', '127.0.0.1', 1, '2013-06-14 10:00:35', 'Real', 19),
(191, 'view', '127.0.0.1', 1, '2013-06-14 10:00:43', 'Real', 19),
(192, 'view', '127.0.0.1', 1, '2013-06-14 10:02:01', 'Real', 19),
(193, 'view', '127.0.0.1', 1, '2013-06-14 10:02:09', 'Real', 19),
(194, 'view', '127.0.0.1', 1, '2013-06-14 10:02:21', 'Real', 19),
(195, 'view', '127.0.0.1', 1, '2013-06-14 10:02:42', 'Real', 19),
(196, 'view', '127.0.0.1', 1, '2013-06-14 10:03:07', 'Real', 19),
(197, 'view', '127.0.0.1', 1, '2013-06-14 10:03:20', 'Real', 19),
(198, 'view', '127.0.0.1', 1, '2013-06-14 10:03:44', 'Real', 19),
(199, 'view', '127.0.0.1', 1, '2013-06-14 10:04:00', 'Real', 19),
(200, 'view', '127.0.0.1', 1, '2013-06-14 10:04:30', 'Real', 19),
(201, 'view', '127.0.0.1', 1, '2013-06-14 10:04:37', 'Real', 19),
(202, 'view', '127.0.0.1', 1, '2013-06-14 10:04:37', 'Real', 19),
(203, 'view', '127.0.0.1', 1, '2013-06-14 10:04:50', 'Real', 19),
(204, 'view', '127.0.0.1', 1, '2013-06-14 10:05:14', 'Real', 19),
(205, 'view', '127.0.0.1', 1, '2013-06-14 10:05:27', 'Real', 19),
(206, 'view', '127.0.0.1', 1, '2013-06-14 10:05:46', 'Real', 19),
(207, 'view', '127.0.0.1', 1, '2013-06-14 10:18:12', 'Real', 19),
(208, 'view', '127.0.0.1', 1, '2013-06-14 10:18:24', 'Real', 19),
(209, 'view', '127.0.0.1', 1, '2013-06-14 10:18:35', 'Real', 19),
(210, 'view', '127.0.0.1', 1, '2013-06-14 10:18:43', 'Real', 19),
(211, 'view', '127.0.0.1', 1, '2013-06-14 10:19:23', 'Real', 19),
(212, 'view', '127.0.0.1', 1, '2013-06-14 10:19:32', 'Real', 19),
(213, 'view', '127.0.0.1', 1, '2013-06-14 10:20:05', 'Real', 19),
(214, 'view', '127.0.0.1', 1, '2013-06-14 10:20:18', 'Real', 19),
(215, 'view', '127.0.0.1', 1, '2013-06-14 10:20:27', 'Real', 19),
(216, 'view', '127.0.0.1', 1, '2013-06-14 10:20:39', 'Real', 19),
(217, 'view', '127.0.0.1', 1, '2013-06-14 10:20:51', 'Real', 19),
(218, 'view', '127.0.0.1', 1, '2013-06-14 10:21:20', 'Real', 19),
(219, 'view', '127.0.0.1', 1, '2013-06-14 10:21:34', 'Real', 19),
(220, 'view', '127.0.0.1', 1, '2013-06-14 10:24:07', 'Real', 19),
(221, 'view', '127.0.0.1', 1, '2013-06-14 10:25:13', 'Real', 19),
(222, 'create', '127.0.0.1', 1, '2013-06-14 10:26:45', 'Real', 109),
(223, 'view', '127.0.0.1', 1, '2013-06-14 10:26:46', 'Real', 109),
(224, 'view', '127.0.0.1', 1, '2013-06-14 10:27:35', 'Real', 109),
(225, 'view', '127.0.0.1', 1, '2013-06-14 10:27:52', 'Real', 109),
(226, 'view', '127.0.0.1', 1, '2013-06-14 10:27:53', 'Real', 109),
(227, 'view', '127.0.0.1', NULL, '2013-06-14 11:18:53', 'Real', 24),
(228, 'view', '127.0.0.1', NULL, '2013-06-14 11:23:21', 'Real', 1),
(229, 'view', '127.0.0.1', NULL, '2013-06-14 11:26:48', 'Real', 9),
(230, 'view', '127.0.0.1', NULL, '2013-06-14 11:26:55', 'Real', 1),
(231, 'view', '127.0.0.1', NULL, '2013-06-14 11:27:00', 'Real', 9),
(232, 'view', '127.0.0.1', 1, '2013-06-14 11:28:37', 'Real', 9),
(233, 'view', '127.0.0.1', 1, '2013-06-17 05:17:24', 'Real', 1),
(234, 'view', '127.0.0.1', 1, '2013-06-17 05:21:01', 'Real', 1),
(235, 'view', '127.0.0.1', 1, '2013-06-17 05:26:35', 'Real', 1),
(236, 'view', '127.0.0.1', 1, '2013-06-17 05:27:18', 'Real', 1),
(237, 'view', '127.0.0.1', 1, '2013-06-17 05:34:51', 'Real', 1),
(238, 'view', '127.0.0.1', 1, '2013-06-17 05:35:02', 'Real', 1),
(239, 'view', '127.0.0.1', 1, '2013-06-17 06:03:52', 'Real', 11),
(240, 'view', '127.0.0.1', 1, '2013-06-17 06:04:08', 'Real', 11),
(241, 'view', '127.0.0.1', 1, '2013-06-17 06:04:20', 'Real', 19),
(242, 'view', '127.0.0.1', 1, '2013-06-17 06:04:22', 'Real', 11),
(243, 'view', '127.0.0.1', 1, '2013-06-17 06:04:42', 'Real', 11),
(244, 'view', '127.0.0.1', 1, '2013-06-17 06:04:53', 'Real', 11),
(245, 'view', '127.0.0.1', 1, '2013-06-17 06:05:22', 'Real', 1),
(246, 'view', '127.0.0.1', 1, '2013-06-17 06:05:33', 'Real', 1),
(247, 'view', '127.0.0.1', NULL, '2013-06-17 10:50:40', 'Real', 1),
(248, 'view', '127.0.0.1', 1, '2013-06-17 12:32:00', 'Real', 1),
(249, 'view', '127.0.0.1', NULL, '2013-06-18 04:29:18', 'Real', 19),
(250, 'view', '127.0.0.1', NULL, '2013-06-18 04:30:22', 'Real', 19),
(251, 'view', '127.0.0.1', 1, '2013-06-18 06:51:37', 'Real', 1),
(252, 'view', '127.0.0.1', 1, '2013-06-18 06:51:51', 'Real', 1),
(253, 'create', '127.0.0.1', 1, '2013-06-18 06:52:56', 'Real', 110),
(254, 'view', '127.0.0.1', 1, '2013-06-18 06:52:57', 'Real', 110),
(255, 'view', '127.0.0.1', 1, '2013-06-18 06:53:09', 'Real', 110),
(256, 'view', '127.0.0.1', 1, '2013-06-18 06:53:48', 'Real', 19),
(257, 'view', '127.0.0.1', 1, '2013-06-18 06:54:37', 'Real', 110),
(258, 'view', '127.0.0.1', 1, '2013-06-18 06:54:58', 'Real', 19),
(259, 'view', '127.0.0.1', 1, '2013-06-18 06:55:50', 'Real', 1);

-- --------------------------------------------------------

--
-- Sukurta duomenų struktūra lentelei `pictures`
--

CREATE TABLE IF NOT EXISTS `pictures` (
  `id` int(11) NOT NULL AUTO_INCREMENT,
  `user_id` int(11) NOT NULL,
  `my_picture_id` varchar(255) COLLATE utf8_lithuanian_ci DEFAULT NULL,
  `type` varchar(255) COLLATE utf8_lithuanian_ci DEFAULT NULL,
  `filename` varchar(255) COLLATE utf8_lithuanian_ci DEFAULT NULL,
  `original_name` varchar(255) COLLATE utf8_lithuanian_ci DEFAULT NULL,
  `attached_to` varchar(255) COLLATE utf8_lithuanian_ci DEFAULT NULL,
  `attached_id` int(11) DEFAULT NULL,
  `rank` int(11) NOT NULL,
  `caption` varchar(255) COLLATE utf8_lithuanian_ci DEFAULT NULL,
  PRIMARY KEY (`id`)
) ENGINE=InnoDB  DEFAULT CHARSET=utf8 COLLATE=utf8_lithuanian_ci AUTO_INCREMENT=79 ;

--
-- Sukurta duomenų kopija lentelei `pictures`
--

INSERT INTO `pictures` (`id`, `user_id`, `my_picture_id`, `type`, `filename`, `original_name`, `attached_to`, `attached_id`, `rank`, `caption`) VALUES
(34, 1, '', 'image/jpeg', '34_untitled.JPG', 'untitled.JPG', 'Real', 1, 1, 'some caption'),
(35, 1, '', 'image/jpeg', '35_untitled.JPG', 'untitled.JPG', 'Real', 13, 1, ''),
(36, 1, '', 'image/jpeg', '36_untitled.JPG', 'untitled.JPG', 'Real', 15, 1, ''),
(37, 1, '', 'image/jpeg', '37_untitled.JPG', 'untitled.JPG', 'Real', 11, 1, ''),
(38, 1, '', 'image/jpeg', '38_untitled.JPG', 'untitled.JPG', 'Real', 3, 1, 'kaption'),
(43, 1, '', 'image/jpeg', '43_1.jpg', '1.jpg', 'Real', 1, 2, ''),
(45, 1, '', 'image/jpeg', '45_2.jpg', '2.jpg', 'Real', 1, 3, ''),
(49, 1, '', 'image/jpeg', '49_3.jpg', '3.jpg', 'Real', 1, 4, 'Rectangle'),
(50, 1, NULL, 'image/jpeg', '50_1.jpg', '1.jpg', 'Real', 5, 2, ''),
(51, 1, '', 'image/jpeg', '51_untitled.JPG', 'untitled.JPG', 'Real', 4, 1, ''),
(57, 1, NULL, 'image/jpeg', '57_untitled.JPG', 'untitled.JPG', 'Real', 5, 1, NULL),
(58, 1, NULL, 'image/jpeg', '58_untitled.JPG', 'untitled.JPG', 'Real', 6, 1, NULL),
(59, 1, NULL, 'image/jpeg', '59_untitled.JPG', 'untitled.JPG', 'Real', 8, 1, NULL),
(77, 1, NULL, 'image/jpeg', '77_untitled.jpg', 'untitled.jpg', 'Real', 5, 3, 'caption'),
(78, 1, NULL, 'image/jpeg', '78_xx-large_34_untitled.JPG', 'xx-large_34_untitled.JPG', 'Real', 3, 2, NULL);

-- --------------------------------------------------------

--
-- Sukurta duomenų struktūra lentelei `reals`
--

CREATE TABLE IF NOT EXISTS `reals` (
  `id` int(11) NOT NULL AUTO_INCREMENT,
  `user_id` int(11) NOT NULL,
  `is_active` int(11) NOT NULL,
  `city` varchar(255) COLLATE utf8_lithuanian_ci NOT NULL,
  `district` varchar(255) COLLATE utf8_lithuanian_ci NOT NULL,
  `area` decimal(12,3) DEFAULT NULL,
  `price` decimal(12,3) DEFAULT NULL,
  `street` varchar(255) COLLATE utf8_lithuanian_ci DEFAULT NULL,
  `rooms` int(11) DEFAULT NULL,
  `has_parking` int(11) DEFAULT NULL,
  `is_sold` int(11) DEFAULT NULL,
  `floor` int(11) DEFAULT NULL,
  `floors` int(11) DEFAULT NULL,
  `year_of_construction` int(11) DEFAULT NULL,
  PRIMARY KEY (`id`)
) ENGINE=InnoDB  DEFAULT CHARSET=utf8 COLLATE=utf8_lithuanian_ci AUTO_INCREMENT=111 ;

--
-- Sukurta duomenų kopija lentelei `reals`
--

INSERT INTO `reals` (`id`, `user_id`, `is_active`, `city`, `district`, `area`, `price`, `street`, `rooms`, `has_parking`, `is_sold`, `floor`, `floors`, `year_of_construction`) VALUES
(1, 1, 1, 'Vilnius', '', '60.000', '145065.000', NULL, 3, 1, 0, NULL, NULL, 2000),
(2, 2, 0, 'Vilnius', '', '56.000', NULL, NULL, 3, NULL, NULL, NULL, NULL, NULL),
(3, 1, 1, 'Vilnius', 'Naujamiestis', '89.000', NULL, 'Pylimo 10', 2, NULL, NULL, NULL, NULL, NULL),
(4, 1, 1, 'Vilnius', '', '56.000', NULL, NULL, 3, 0, 0, 3, 8, NULL),
(5, 1, 1, 'Kaunas', '', '98.000', '110000.000', NULL, 2, NULL, NULL, NULL, NULL, NULL),
(6, 1, 1, 'Vilnius', '', '120.000', NULL, NULL, NULL, NULL, NULL, NULL, NULL, NULL),
(7, 1, 1, 'Utena', '', '90.000', NULL, 'J. Basanaviciaus', NULL, NULL, NULL, NULL, NULL, NULL),
(8, 1, 1, 'Panevezys', '', '75.000', '119000.000', NULL, 4, NULL, NULL, NULL, NULL, NULL),
(9, 1, 1, 'Vilnius', 'Pasilaiciai', '62.000', '257000.000', 'Ukmerges', 3, 1, NULL, 3, 8, NULL),
(10, 1, 1, 'Siauliai', '', '35.000', NULL, NULL, NULL, NULL, NULL, NULL, NULL, NULL),
(11, 1, 1, 'Vilnius', '', '88.000', NULL, NULL, 2, NULL, NULL, NULL, NULL, NULL),
(12, 1, 1, 'Vilnius', '', '50.000', NULL, NULL, 2, NULL, NULL, NULL, NULL, NULL),
(16, 1, 0, 'Panevezys', '', NULL, NULL, NULL, NULL, 1, NULL, NULL, NULL, NULL),
(19, 1, 1, 'Vilnius', '', '60.100', NULL, NULL, 3, NULL, 0, NULL, NULL, NULL),
(20, 1, 1, 'Kaunas', '', '60.100', NULL, NULL, 3, NULL, 1, NULL, NULL, NULL),
(21, 1, 1, 'Vilnius', '', '60.100', NULL, NULL, 3, NULL, 0, NULL, NULL, NULL),
(22, 1, 1, 'Kaunas', '', '60.100', NULL, NULL, 3, NULL, 1, NULL, NULL, NULL),
(23, 1, 1, 'Vilnius', '', '60.100', NULL, NULL, 3, NULL, 0, NULL, NULL, NULL),
(24, 1, 1, 'Kaunas', '', '60.100', NULL, NULL, 3, NULL, 1, NULL, NULL, NULL),
(25, 1, 1, 'Vilnius', '', '60.100', NULL, NULL, 3, NULL, 0, NULL, NULL, NULL),
(26, 1, 1, 'Kaunas', '', '60.100', NULL, NULL, 3, NULL, 1, NULL, NULL, NULL),
(27, 1, 1, 'Vilnius', '', '60.100', NULL, NULL, 3, NULL, 0, NULL, NULL, NULL),
(28, 1, 1, 'Kaunas', '', '60.100', NULL, NULL, 3, NULL, 1, NULL, NULL, NULL),
(29, 1, 1, 'Vilnius', '', '60.100', NULL, NULL, 3, NULL, 0, NULL, NULL, NULL),
(30, 1, 1, 'Kaunas', '', '60.100', NULL, NULL, 3, NULL, 1, NULL, NULL, NULL),
(31, 1, 1, 'Vilnius', '', '60.100', NULL, NULL, 3, NULL, 0, NULL, NULL, NULL),
(32, 1, 1, 'Kaunas', '', '60.100', NULL, NULL, 3, NULL, 1, NULL, NULL, NULL),
(33, 1, 1, 'Vilnius', '', '60.100', NULL, NULL, 3, NULL, 0, NULL, NULL, NULL),
(34, 1, 1, 'Kaunas', '', '60.100', NULL, NULL, 3, NULL, 1, NULL, NULL, NULL),
(35, 1, 1, 'Vilnius', '', '60.100', NULL, NULL, 3, NULL, 0, NULL, NULL, NULL),
(36, 1, 1, 'Kaunas', '', '60.100', NULL, NULL, 3, NULL, 1, NULL, NULL, NULL),
(37, 1, 1, 'Vilnius', '', '60.100', NULL, NULL, 3, NULL, 0, NULL, NULL, NULL),
(38, 1, 1, 'Kaunas', '', '60.100', NULL, NULL, 3, NULL, 1, NULL, NULL, NULL),
(39, 1, 1, 'Vilnius', '', '60.100', NULL, NULL, 3, NULL, 0, NULL, NULL, NULL),
(40, 1, 1, 'Kaunas', '', '60.100', NULL, NULL, 3, NULL, 1, NULL, NULL, NULL),
(41, 1, 1, 'Vilnius', '', '60.100', NULL, NULL, 3, NULL, 0, NULL, NULL, NULL),
(42, 1, 1, 'Kaunas', '', '60.100', NULL, NULL, 3, NULL, 1, NULL, NULL, NULL),
(43, 1, 1, 'Vilnius', '', '60.100', NULL, NULL, 3, NULL, 0, NULL, NULL, NULL),
(44, 1, 1, 'Kaunas', '', '60.100', NULL, NULL, 3, NULL, 1, NULL, NULL, NULL),
(45, 1, 0, 'Kaunas', '', '59.900', NULL, NULL, 3, NULL, 1, NULL, NULL, NULL),
(46, 1, 0, 'Klaipeda', '', '60.100', NULL, NULL, 3, NULL, 1, NULL, NULL, NULL),
(53, 1, 0, 'Siauliai', '', NULL, NULL, NULL, NULL, NULL, NULL, NULL, NULL, NULL),
(54, 1, 0, 'Siauliai', '', NULL, NULL, NULL, NULL, NULL, NULL, NULL, NULL, NULL),
(55, 1, 0, 'Siauliai', '', NULL, NULL, NULL, NULL, NULL, NULL, NULL, NULL, NULL),
(56, 1, 0, 'Panevezys', '', NULL, NULL, NULL, NULL, NULL, NULL, NULL, NULL, NULL),
(57, 1, 0, 'Alytus', '', NULL, NULL, NULL, NULL, NULL, NULL, NULL, NULL, NULL),
(58, 1, 0, 'Siauliai', '', NULL, NULL, NULL, NULL, NULL, NULL, NULL, NULL, NULL),
(59, 1, 0, 'Kaunas', '', NULL, NULL, NULL, NULL, NULL, NULL, NULL, NULL, NULL),
(60, 1, 0, 'Klaipeda', '', NULL, NULL, NULL, NULL, NULL, NULL, NULL, NULL, NULL),
(61, 1, 0, 'Panevezys', '', NULL, NULL, NULL, NULL, NULL, NULL, NULL, NULL, NULL),
(62, 1, 0, 'Kaunas', '', NULL, NULL, NULL, NULL, NULL, NULL, NULL, NULL, NULL),
(63, 1, 0, 'Jurbarkas', '', NULL, NULL, NULL, NULL, NULL, NULL, NULL, NULL, NULL),
(64, 1, 0, 'Vilnius', '', NULL, NULL, NULL, NULL, NULL, NULL, NULL, NULL, NULL),
(65, 1, 0, 'Kaunas', '', NULL, NULL, NULL, NULL, NULL, NULL, NULL, NULL, NULL),
(66, 1, 0, 'Vilnius', '', NULL, NULL, NULL, NULL, NULL, NULL, NULL, NULL, NULL),
(67, 1, 0, 'Varena', '', NULL, NULL, NULL, NULL, NULL, NULL, NULL, NULL, NULL),
(68, 1, 0, 'Palanga', '', NULL, NULL, NULL, NULL, NULL, NULL, NULL, NULL, NULL),
(69, 1, 0, 'Palanga', '', NULL, NULL, 'Basanaviciaus 1', NULL, NULL, NULL, NULL, NULL, NULL),
(71, 1, 0, 'Utena', '', NULL, NULL, NULL, NULL, NULL, NULL, NULL, NULL, NULL),
(72, 1, 0, 'Utena', '', NULL, NULL, NULL, NULL, NULL, NULL, NULL, NULL, NULL),
(73, 1, 0, 'Vilnius', '', '62.000', NULL, NULL, NULL, 1, 0, NULL, NULL, NULL),
(74, 1, 0, 'Vilnius', '', '62.000', NULL, NULL, NULL, 1, 0, NULL, NULL, NULL),
(75, 1, 0, 'Vilnius', '', '62.000', NULL, NULL, NULL, 1, 0, NULL, NULL, NULL),
(76, 1, 0, 'Vilnius', '', '62.000', NULL, NULL, NULL, 1, 0, NULL, NULL, NULL),
(77, 1, 0, 'Vilnius', '', '62.000', NULL, NULL, NULL, 1, 0, NULL, NULL, NULL),
(78, 1, 0, 'Vilnius', '', '62.000', NULL, NULL, NULL, 1, 0, NULL, NULL, NULL),
(79, 1, 0, 'Vilnius', '', '62.000', NULL, NULL, NULL, 1, 0, NULL, NULL, NULL),
(80, 1, 0, 'Vilnius', '', '62.000', NULL, NULL, NULL, 1, 0, NULL, NULL, NULL),
(81, 1, 0, 'Vilnius', '', '62.000', NULL, NULL, NULL, 1, 0, NULL, NULL, NULL),
(82, 1, 0, 'Vilnius', '', '62.000', NULL, NULL, NULL, 1, 0, NULL, NULL, NULL),
(83, 1, 0, 'Vilnius', '', '62.000', NULL, NULL, NULL, 1, 0, NULL, NULL, NULL),
(84, 1, 0, 'Vilnius', '', '62.000', NULL, NULL, NULL, 1, 0, NULL, NULL, NULL),
(85, 1, 0, 'Vilnius', '', '62.000', NULL, NULL, NULL, 1, 0, NULL, NULL, NULL),
(86, 1, 0, 'Vilnius', '', '62.000', NULL, NULL, NULL, 1, 0, NULL, NULL, NULL),
(87, 1, 0, 'Vilnius', '', '62.000', NULL, NULL, NULL, 1, 0, NULL, NULL, NULL),
(88, 1, 0, 'Vilnius', '', '62.000', NULL, NULL, NULL, 1, 0, NULL, NULL, NULL),
(89, 1, 0, 'Vilnius', '', '62.000', NULL, NULL, NULL, 1, 0, NULL, NULL, NULL),
(90, 1, 0, 'Vilnius', '', '62.000', NULL, NULL, NULL, 1, 0, NULL, NULL, NULL),
(91, 1, 0, 'Vilnius', '', '62.000', NULL, NULL, NULL, 1, 0, NULL, NULL, NULL),
(92, 1, 0, 'Vilnius', '', '62.000', NULL, NULL, NULL, 1, 0, NULL, NULL, NULL),
(93, 1, 0, 'Vilnius', '', '62.000', NULL, NULL, NULL, 1, 0, NULL, NULL, NULL),
(94, 1, 0, 'Vilnius', '', '62.000', NULL, NULL, NULL, 1, 0, NULL, NULL, NULL),
(95, 1, 0, 'Vilnius', '', '62.000', NULL, NULL, NULL, 1, 0, NULL, NULL, NULL),
(96, 1, 0, 'Vilnius', '', '62.000', NULL, NULL, NULL, 1, 0, NULL, NULL, NULL),
(97, 1, 0, 'Vilnius', '', '62.000', NULL, NULL, NULL, 1, 0, NULL, NULL, NULL),
(98, 1, 0, 'Vilnius', '', '62.000', NULL, NULL, NULL, 1, 0, NULL, NULL, NULL),
(99, 1, 0, 'Vilnius', '', '62.000', NULL, NULL, NULL, 1, 0, NULL, NULL, NULL),
(100, 1, 0, 'Vilnius', '', '62.000', NULL, NULL, NULL, 1, 0, NULL, NULL, NULL),
(101, 1, 0, 'Vilnius', '', '62.000', NULL, NULL, NULL, 1, 0, NULL, NULL, NULL),
(102, 1, 0, 'Vilnius', '', '62.000', NULL, NULL, NULL, 1, 0, NULL, NULL, NULL),
(103, 1, 0, 'Vilnius', '', '62.000', NULL, NULL, NULL, 1, 0, NULL, NULL, NULL),
(104, 1, 0, 'Vilnius', '', '62.000', NULL, NULL, NULL, 1, 0, NULL, NULL, NULL),
(105, 1, 0, 'Vilnius', '', '62.000', NULL, NULL, NULL, 1, 0, NULL, NULL, NULL),
(106, 1, 0, 'Vilnius', '', '62.000', NULL, NULL, NULL, 1, 0, NULL, NULL, NULL),
(107, 1, 0, 'Vilnius', '', '62.000', NULL, NULL, NULL, 1, 0, NULL, NULL, NULL),
(108, 1, 0, 'Vilnius', '', '62.000', NULL, NULL, NULL, 1, 0, NULL, NULL, NULL),
(109, 1, 1, '', '', NULL, NULL, NULL, NULL, NULL, NULL, NULL, NULL, NULL),
(110, 1, 0, 'Vilnius', '', NULL, NULL, NULL, NULL, NULL, NULL, NULL, NULL, NULL);

-- --------------------------------------------------------

--
-- Sukurta duomenų struktūra lentelei `search_agents`
--

CREATE TABLE IF NOT EXISTS `search_agents` (
  `id` int(11) NOT NULL AUTO_INCREMENT,
  `user_id` int(11) NOT NULL,
  `name` varchar(255) COLLATE utf8_lithuanian_ci DEFAULT NULL,
  `searchable` varchar(255) COLLATE utf8_lithuanian_ci DEFAULT NULL,
  `is_active` tinyint(1) NOT NULL,
  `last_run_on` int(11) DEFAULT NULL,
  `is_running` tinyint(1) DEFAULT NULL,
  `is_run` tinyint(1) DEFAULT NULL,
  PRIMARY KEY (`id`)
) ENGINE=InnoDB  DEFAULT CHARSET=utf8 COLLATE=utf8_lithuanian_ci AUTO_INCREMENT=11 ;

--
-- Sukurta duomenų kopija lentelei `search_agents`
--

INSERT INTO `search_agents` (`id`, `user_id`, `name`, `searchable`, `is_active`, `last_run_on`, `is_running`, `is_run`) VALUES
(5, 1, 'Vilnius with parking', 'Real', 0, 1371448688, 0, 0),
(6, 1, 'Vilnius with garage', 'Real', 0, 1371448688, 0, 0),
(7, 1, 'Vilnius kitchen not combined', 'Real', 0, 1371122143, NULL, NULL),
(9, 1, 'Large flat with parking', 'Real', 0, 1371122143, NULL, NULL),
(10, 1, 'With separate wc', 'Real', 0, NULL, NULL, NULL);

-- --------------------------------------------------------

--
-- Sukurta duomenų struktūra lentelei `search_values`
--

CREATE TABLE IF NOT EXISTS `search_values` (
  `id` int(11) NOT NULL AUTO_INCREMENT,
  `search_agent_id` int(11) DEFAULT NULL,
  `search_field` varchar(255) COLLATE utf8_lithuanian_ci DEFAULT NULL,
  `search_value` varchar(255) COLLATE utf8_lithuanian_ci DEFAULT NULL,
  PRIMARY KEY (`id`)
) ENGINE=InnoDB  DEFAULT CHARSET=utf8 COLLATE=utf8_lithuanian_ci AUTO_INCREMENT=163 ;

--
-- Sukurta duomenų kopija lentelei `search_values`
--

INSERT INTO `search_values` (`id`, `search_agent_id`, `search_field`, `search_value`) VALUES
(130, 5, 'city', 'Vilnius'),
(131, 5, 'has_parking', '1'),
(132, 6, 'city', 'Vilnius'),
(133, 6, 'has_garage', '1'),
(134, 7, 'city', 'Vilnius'),
(135, 7, 'has_sitting-room_combined_with_kitchen', '0'),
(144, 8, 'area', '80'),
(159, 9, 'area_min', '80'),
(160, 9, 'area_max', '120'),
(161, 9, 'has_parking', 'has_parking'),
(162, 10, 'has_separate_wc', 'has_separate_wc');

-- --------------------------------------------------------

--
-- Sukurta duomenų struktūra lentelei `users`
--

CREATE TABLE IF NOT EXISTS `users` (
  `id` int(11) NOT NULL AUTO_INCREMENT,
  `login` varchar(255) COLLATE utf8_lithuanian_ci DEFAULT NULL,
  `phash` varchar(32) COLLATE utf8_lithuanian_ci DEFAULT NULL,
  `sid` varchar(32) COLLATE utf8_lithuanian_ci DEFAULT NULL,
  `email` varchar(255) COLLATE utf8_lithuanian_ci DEFAULT NULL,
  `aid` varchar(32) COLLATE utf8_lithuanian_ci DEFAULT NULL,
  `is_admin` tinyint(1) DEFAULT NULL,
  `active` tinyint(1) DEFAULT NULL,
  `time_zone` varchar(255) COLLATE utf8_lithuanian_ci NOT NULL,
  `currency` varchar(3) COLLATE utf8_lithuanian_ci NOT NULL,
  `api_key` varchar(32) COLLATE utf8_lithuanian_ci DEFAULT NULL,
  PRIMARY KEY (`id`)
) ENGINE=InnoDB  DEFAULT CHARSET=utf8 COLLATE=utf8_lithuanian_ci AUTO_INCREMENT=3 ;

--
-- Sukurta duomenų kopija lentelei `users`
--

INSERT INTO `users` (`id`, `login`, `phash`, `sid`, `email`, `aid`, `is_admin`, `active`, `time_zone`, `currency`, `api_key`) VALUES
(1, 'demo', '6c5ac7b4d3bd3311f033f971196cfa75', 'od4hmcs5mbbsaamm1gucjde774', 'demo@example.com', '', NULL, NULL, 'Europe/Vilnius', 'LTL', '51b563f25a68491361877251b563f25a'),
(2, 'user', '0d8d5cd06832b29560745fe4e1b941cf', '50ohml2j0tgj5mbmuobqcldn10', 'user@example.com', '', NULL, NULL, '', '', NULL);

-- --------------------------------------------------------

--
-- Sukurta duomenų struktūra lentelei `values_boolean`
--

CREATE TABLE IF NOT EXISTS `values_boolean` (
  `id` int(11) NOT NULL AUTO_INCREMENT,
  `oid` int(11) DEFAULT NULL,
  `name` varchar(255) COLLATE utf8_lithuanian_ci DEFAULT NULL,
  `value` int(11) DEFAULT NULL,
  PRIMARY KEY (`id`)
) ENGINE=InnoDB  DEFAULT CHARSET=utf8 COLLATE=utf8_lithuanian_ci AUTO_INCREMENT=433 ;

--
-- Sukurta duomenų kopija lentelei `values_boolean`
--

INSERT INTO `values_boolean` (`id`, `oid`, `name`, `value`) VALUES
(43, 2, 'has_separate_wc', 1),
(153, 1, 'is_active', 1),
(154, 1, 'has_parking', 1),
(155, 1, 'is_sold', 0),
(156, 1, 'has_balcony', 1),
(170, 1, 'is_active', 1),
(182, 16, 'has_parking', 1),
(192, 14, 'is_active', 1),
(193, 14, 'has_parking', 1),
(194, 14, 'has_sitting-room_combined_with_kitchen', 1),
(195, 14, 'is_first_floor', 0),
(196, 14, 'is_last_floor', 0),
(197, 14, 'is_renovated', 0),
(198, 14, 'has_cellar', 0),
(199, 14, 'has_dark_closet', 1),
(201, 13, 'is_active', 1),
(202, 13, 'has_parking', 1),
(203, 13, 'has_sitting-room_combined_with_kitchen', 1),
(204, 8, 'is_active', 1),
(205, 10, 'is_active', 1),
(207, 11, 'is_active', 1),
(208, 11, 'has_sitting-room_combined_with_kitchen', 1),
(210, 12, 'is_active', 1),
(211, 12, 'has_sitting-room_combined_with_kitchen', 1),
(212, 15, 'is_active', 1),
(213, 6, 'is_active', 1),
(215, 4, 'is_active', 1),
(216, 4, 'has_parking', 0),
(217, 4, 'is_sold', 0),
(218, 4, 'has_balcony', 1),
(240, 3, 'is_active', 1),
(241, 3, 'has_sitting-room_combined_with_kitchen', 0),
(253, 9, 'is_active', 1),
(254, 9, 'has_parking', 1),
(255, 9, 'has_garage', 0),
(256, 9, 'has_balcony', 1),
(257, 9, 'has_separate_wc', 1),
(258, 9, 'has_closet', 1),
(259, 9, 'has_kitchens', 1),
(260, 9, 'has_sitting-room_combined_with_kitchen', 0),
(261, 9, 'has_cellar', 0),
(262, 9, 'has_dark_closet', 0),
(263, 9, 'is_first_floor', 0),
(264, 9, 'is_last_floor', 0),
(265, 7, 'is_active', 1),
(288, 5, 'is_active', 1),
(289, 5, 'has_balcony', 0),
(290, 5, 'has_sitting-room_combined_with_kitchen', 1),
(291, 19, 'is_active', 1),
(292, 19, 'is_sold', 0),
(293, 20, 'is_active', 1),
(294, 20, 'is_sold', 1),
(295, 21, 'is_active', 1),
(296, 21, 'is_sold', 0),
(297, 22, 'is_active', 1),
(298, 22, 'is_sold', 1),
(299, 23, 'is_active', 1),
(300, 23, 'is_sold', 0),
(301, 24, 'is_active', 1),
(302, 24, 'is_sold', 1),
(303, 25, 'is_active', 1),
(304, 25, 'is_sold', 0),
(305, 26, 'is_active', 1),
(306, 26, 'is_sold', 1),
(307, 27, 'is_active', 1),
(308, 27, 'is_sold', 0),
(309, 28, 'is_active', 1),
(310, 28, 'is_sold', 1),
(311, 29, 'is_active', 1),
(312, 29, 'is_sold', 0),
(313, 30, 'is_active', 1),
(314, 30, 'is_sold', 1),
(315, 31, 'is_active', 1),
(316, 31, 'is_sold', 0),
(317, 32, 'is_active', 1),
(318, 32, 'is_sold', 1),
(319, 33, 'is_active', 1),
(320, 33, 'is_sold', 0),
(321, 34, 'is_active', 1),
(322, 34, 'is_sold', 1),
(323, 35, 'is_active', 1),
(324, 35, 'is_sold', 0),
(325, 36, 'is_active', 1),
(326, 36, 'is_sold', 1),
(327, 37, 'is_active', 1),
(328, 37, 'is_sold', 0),
(329, 38, 'is_active', 1),
(330, 38, 'is_sold', 1),
(331, 39, 'is_active', 1),
(332, 39, 'is_sold', 0),
(333, 40, 'is_active', 1),
(334, 40, 'is_sold', 1),
(335, 41, 'is_active', 1),
(336, 41, 'is_sold', 0),
(337, 42, 'is_active', 1),
(338, 42, 'is_sold', 1),
(339, 43, 'is_active', 1),
(340, 43, 'is_sold', 0),
(341, 44, 'is_active', 1),
(342, 44, 'is_sold', 1),
(345, 46, 'is_active', 0),
(346, 46, 'is_sold', 1),
(347, 45, 'is_active', 0),
(348, 45, 'is_sold', 1),
(350, 11, 'has_dark_closet', 1),
(351, 1, 'is_renovated', 0),
(353, 66, 'is_active', 0),
(354, 69, 'is_active', 0),
(355, 73, 'is_sold', 0),
(356, 73, 'has_parking', 1),
(357, 74, 'is_sold', 0),
(358, 74, 'has_parking', 1),
(359, 75, 'is_sold', 0),
(360, 75, 'has_parking', 1),
(361, 76, 'is_sold', 0),
(362, 76, 'has_parking', 1),
(363, 77, 'is_sold', 0),
(364, 77, 'has_parking', 1),
(365, 78, 'is_sold', 0),
(366, 78, 'has_parking', 1),
(367, 79, 'is_sold', 0),
(368, 79, 'has_parking', 1),
(369, 80, 'is_sold', 0),
(370, 80, 'has_parking', 1),
(371, 81, 'is_sold', 0),
(372, 81, 'has_parking', 1),
(373, 82, 'is_sold', 0),
(374, 82, 'has_parking', 1),
(375, 83, 'is_sold', 0),
(376, 83, 'has_parking', 1),
(377, 84, 'is_sold', 0),
(378, 84, 'has_parking', 1),
(379, 85, 'is_sold', 0),
(380, 85, 'has_parking', 1),
(381, 86, 'is_sold', 0),
(382, 86, 'has_parking', 1),
(383, 87, 'is_sold', 0),
(384, 87, 'has_parking', 1),
(385, 88, 'is_sold', 0),
(386, 88, 'has_parking', 1),
(387, 89, 'is_sold', 0),
(388, 89, 'has_parking', 1),
(389, 90, 'is_sold', 0),
(390, 90, 'has_parking', 1),
(391, 91, 'is_sold', 0),
(392, 91, 'has_parking', 1),
(393, 92, 'is_sold', 0),
(394, 92, 'has_parking', 1),
(395, 93, 'is_sold', 0),
(396, 93, 'has_parking', 1),
(397, 94, 'is_sold', 0),
(398, 94, 'has_parking', 1),
(399, 95, 'is_sold', 0),
(400, 95, 'has_parking', 1),
(401, 96, 'is_sold', 0),
(402, 96, 'has_parking', 1),
(403, 97, 'is_sold', 0),
(404, 97, 'has_parking', 1),
(405, 98, 'is_sold', 0),
(406, 98, 'has_parking', 1),
(407, 99, 'is_sold', 0),
(408, 99, 'has_parking', 1),
(409, 100, 'is_sold', 0),
(410, 100, 'has_parking', 1),
(411, 101, 'is_sold', 0),
(412, 101, 'has_parking', 1),
(413, 102, 'is_sold', 0),
(414, 102, 'has_parking', 1),
(415, 103, 'is_sold', 0),
(416, 103, 'has_parking', 1),
(417, 104, 'is_sold', 0),
(418, 104, 'has_parking', 1),
(419, 105, 'is_sold', 0),
(420, 105, 'has_parking', 1),
(421, 106, 'is_sold', 0),
(422, 106, 'has_parking', 1),
(423, 107, 'is_sold', 0),
(424, 107, 'has_parking', 1),
(425, 108, 'is_sold', 0),
(426, 108, 'has_parking', 1),
(429, 19, 'has_garage', 1),
(430, 109, 'is_active', 1),
(431, 11, 'has_garage', 1),
(432, 110, 'is_active', 0);

-- --------------------------------------------------------

--
-- Sukurta duomenų struktūra lentelei `values_numeric`
--

CREATE TABLE IF NOT EXISTS `values_numeric` (
  `id` int(11) NOT NULL AUTO_INCREMENT,
  `oid` int(11) DEFAULT NULL,
  `name` varchar(255) COLLATE utf8_lithuanian_ci DEFAULT NULL,
  `value` decimal(15,3) DEFAULT NULL,
  PRIMARY KEY (`id`)
) ENGINE=InnoDB  DEFAULT CHARSET=utf8 COLLATE=utf8_lithuanian_ci AUTO_INCREMENT=456 ;

--
-- Sukurta duomenų kopija lentelei `values_numeric`
--

INSERT INTO `values_numeric` (`id`, `oid`, `name`, `value`) VALUES
(50, 2, 'id', '2.000'),
(51, 2, 'area', '56.000'),
(52, 2, 'rooms', '3.000'),
(112, 1, 'id', '1.000'),
(113, 1, 'user_id', '1.000'),
(114, 1, 'area', '60.000'),
(115, 1, 'rooms', '3.000'),
(116, 1, 'year_of_construction', '2000.000'),
(126, 14, 'id', '14.000'),
(127, 14, 'user_id', '1.000'),
(128, 14, 'area', '10.000'),
(130, 13, 'id', '13.000'),
(131, 13, 'user_id', '1.000'),
(132, 13, 'area', '10.000'),
(134, 8, 'id', '8.000'),
(135, 8, 'user_id', '1.000'),
(136, 8, 'area', '75.000'),
(137, 8, 'rooms', '4.000'),
(138, 8, 'price', '119000.000'),
(140, 10, 'id', '10.000'),
(141, 10, 'user_id', '1.000'),
(142, 10, 'area', '35.000'),
(144, 11, 'id', '11.000'),
(145, 11, 'user_id', '1.000'),
(146, 11, 'area', '88.000'),
(148, 12, 'id', '12.000'),
(149, 12, 'user_id', '1.000'),
(150, 12, 'area', '50.000'),
(151, 12, 'rooms', '2.000'),
(153, 15, 'id', '15.000'),
(154, 15, 'user_id', '1.000'),
(155, 15, 'area', '110.000'),
(157, 6, 'id', '6.000'),
(158, 6, 'user_id', '1.000'),
(159, 6, 'area', '120.000'),
(162, 4, 'id', '4.000'),
(163, 4, 'user_id', '1.000'),
(164, 4, 'area', '56.000'),
(165, 4, 'rooms', '3.000'),
(166, 4, 'floor', '3.000'),
(168, 4, 'kitchen_area', '10.000'),
(197, 3, 'id', '3.000'),
(198, 3, 'user_id', '1.000'),
(199, 3, 'area', '89.000'),
(200, 3, 'rooms', '2.000'),
(208, 9, 'id', '9.000'),
(209, 9, 'user_id', '1.000'),
(210, 9, 'area', '62.000'),
(211, 9, 'rooms', '3.000'),
(212, 9, 'price', '257000.000'),
(213, 9, 'floor', '3.000'),
(214, 9, 'floors', '8.000'),
(215, 9, 'balcony_area', '7.000'),
(216, 9, 'kitchen_area', '10.000'),
(217, 9, 'year_of_construction', '2005.000'),
(219, 7, 'id', '7.000'),
(220, 7, 'user_id', '1.000'),
(221, 7, 'area', '90.000'),
(245, 5, 'id', '5.000'),
(246, 5, 'user_id', '1.000'),
(247, 5, 'area', '98.000'),
(248, 5, 'rooms', '2.000'),
(249, 5, 'price', '110000.000'),
(250, 19, 'area', '60.100'),
(251, 19, 'rooms', '3.000'),
(252, 20, 'area', '60.100'),
(253, 20, 'rooms', '3.000'),
(254, 21, 'area', '60.100'),
(255, 21, 'rooms', '3.000'),
(256, 22, 'area', '60.100'),
(257, 22, 'rooms', '3.000'),
(258, 23, 'area', '60.100'),
(259, 23, 'rooms', '3.000'),
(260, 24, 'area', '60.100'),
(261, 24, 'rooms', '3.000'),
(262, 25, 'area', '60.100'),
(263, 25, 'rooms', '3.000'),
(264, 26, 'area', '60.100'),
(265, 26, 'rooms', '3.000'),
(266, 27, 'area', '60.100'),
(267, 27, 'rooms', '3.000'),
(268, 28, 'area', '60.100'),
(269, 28, 'rooms', '3.000'),
(270, 29, 'area', '60.100'),
(271, 29, 'rooms', '3.000'),
(272, 30, 'area', '60.100'),
(273, 30, 'rooms', '3.000'),
(274, 31, 'area', '60.100'),
(275, 31, 'rooms', '3.000'),
(276, 32, 'area', '60.100'),
(277, 32, 'rooms', '3.000'),
(278, 33, 'area', '60.100'),
(279, 33, 'rooms', '3.000'),
(280, 34, 'area', '60.100'),
(281, 34, 'rooms', '3.000'),
(282, 35, 'area', '60.100'),
(283, 35, 'rooms', '3.000'),
(284, 36, 'area', '60.100'),
(285, 36, 'rooms', '3.000'),
(286, 37, 'area', '60.100'),
(287, 37, 'rooms', '3.000'),
(288, 38, 'area', '60.100'),
(289, 38, 'rooms', '3.000'),
(290, 39, 'area', '60.100'),
(291, 39, 'rooms', '3.000'),
(292, 40, 'area', '60.100'),
(293, 40, 'rooms', '3.000'),
(294, 41, 'area', '60.100'),
(295, 41, 'rooms', '3.000'),
(296, 42, 'area', '60.100'),
(297, 42, 'rooms', '3.000'),
(298, 43, 'area', '60.100'),
(299, 43, 'rooms', '3.000'),
(300, 44, 'area', '60.100'),
(301, 44, 'rooms', '3.000'),
(302, 45, 'area', '60.100'),
(303, 45, 'rooms', '3.000'),
(304, 46, 'area', '60.100'),
(305, 46, 'rooms', '3.000'),
(306, 45, 'area', '59.900'),
(311, 4, 'year_of_construction', '2000.000'),
(312, 66, 'id', '66.000'),
(313, 66, 'user_id', '1.000'),
(314, 69, 'id', '69.000'),
(315, 69, 'user_id', '1.000'),
(316, 73, 'area', '62.000'),
(317, 74, 'area', '62.000'),
(318, 75, 'area', '62.000'),
(319, 76, 'area', '62.000'),
(320, 77, 'area', '62.000'),
(321, 78, 'area', '62.000'),
(322, 79, 'area', '62.000'),
(323, 80, 'area', '62.000'),
(324, 81, 'area', '62.000'),
(325, 82, 'area', '62.000'),
(326, 1, 'price', '145065.000'),
(327, 83, 'area', '62.000'),
(328, 84, 'area', '62.000'),
(329, 85, 'area', '62.000'),
(330, 86, 'area', '62.000'),
(331, 87, 'area', '62.000'),
(332, 88, 'area', '62.000'),
(333, 89, 'area', '62.000'),
(334, 90, 'area', '62.000'),
(335, 91, 'area', '62.000'),
(336, 92, 'area', '62.000'),
(337, 93, 'area', '62.000'),
(338, 94, 'area', '62.000'),
(339, 95, 'area', '62.000'),
(340, 96, 'area', '62.000'),
(341, 97, 'area', '62.000'),
(342, 98, 'area', '62.000'),
(343, 99, 'area', '62.000'),
(344, 100, 'area', '62.000'),
(345, 101, 'area', '62.000'),
(346, 102, 'area', '62.000'),
(347, 103, 'area', '62.000'),
(348, 104, 'area', '62.000'),
(349, 105, 'area', '62.000'),
(350, 106, 'area', '62.000'),
(351, 107, 'area', '62.000'),
(352, 108, 'area', '62.000'),
(353, 11, 'rooms', '2.000'),
(354, 11, 'touched_on', '1371449092.000'),
(355, 1, 'touched_on', '1371449132.000'),
(356, 2, 'touched_on', '1371110151.000'),
(357, 3, 'touched_on', '1371110151.000'),
(358, 4, 'touched_on', '1371110151.000'),
(359, 5, 'touched_on', '1371110151.000'),
(360, 6, 'touched_on', '1371110151.000'),
(361, 7, 'touched_on', '1371110151.000'),
(362, 8, 'touched_on', '1371110151.000'),
(363, 9, 'touched_on', '1371110151.000'),
(364, 10, 'touched_on', '1371110151.000'),
(365, 12, 'touched_on', '1371202267.000'),
(366, 16, 'touched_on', '1371110151.000'),
(367, 19, 'touched_on', '1371203016.000'),
(368, 20, 'touched_on', '1371110151.000'),
(369, 21, 'touched_on', '1371110151.000'),
(370, 22, 'touched_on', '1371110151.000'),
(371, 23, 'touched_on', '1371110151.000'),
(372, 24, 'touched_on', '1371110151.000'),
(373, 25, 'touched_on', '1371110151.000'),
(374, 26, 'touched_on', '1371110151.000'),
(375, 27, 'touched_on', '1371110151.000'),
(376, 28, 'touched_on', '1371110151.000'),
(377, 29, 'touched_on', '1371110151.000'),
(378, 30, 'touched_on', '1371110151.000'),
(379, 31, 'touched_on', '1371110151.000'),
(380, 32, 'touched_on', '1371110151.000'),
(381, 33, 'touched_on', '1371110151.000'),
(382, 34, 'touched_on', '1371110151.000'),
(383, 35, 'touched_on', '1371110151.000'),
(384, 36, 'touched_on', '1371110151.000'),
(385, 37, 'touched_on', '1371110151.000'),
(386, 38, 'touched_on', '1371110151.000'),
(387, 39, 'touched_on', '1371110151.000'),
(388, 40, 'touched_on', '1371110151.000'),
(389, 41, 'touched_on', '1371110151.000'),
(390, 42, 'touched_on', '1371110151.000'),
(391, 43, 'touched_on', '1371110151.000'),
(392, 44, 'touched_on', '1371110151.000'),
(393, 45, 'touched_on', '1371110151.000'),
(394, 46, 'touched_on', '1371110151.000'),
(395, 53, 'touched_on', '1371110151.000'),
(396, 54, 'touched_on', '1371110151.000'),
(397, 55, 'touched_on', '1371110151.000'),
(398, 56, 'touched_on', '1371110151.000'),
(399, 57, 'touched_on', '1371110151.000'),
(400, 58, 'touched_on', '1371110151.000'),
(401, 59, 'touched_on', '1371110151.000'),
(402, 60, 'touched_on', '1371110151.000'),
(403, 61, 'touched_on', '1371110151.000'),
(404, 62, 'touched_on', '1371110151.000'),
(405, 63, 'touched_on', '1371110151.000'),
(406, 64, 'touched_on', '1371110151.000'),
(407, 65, 'touched_on', '1371110151.000'),
(408, 66, 'touched_on', '1371110151.000'),
(409, 67, 'touched_on', '1371110151.000'),
(410, 68, 'touched_on', '1371110151.000'),
(411, 69, 'touched_on', '1371110151.000'),
(412, 71, 'touched_on', '1371110151.000'),
(413, 72, 'touched_on', '1371110151.000'),
(414, 73, 'touched_on', '1371110151.000'),
(415, 74, 'touched_on', '1371110151.000'),
(416, 75, 'touched_on', '1371110151.000'),
(417, 76, 'touched_on', '1371110151.000'),
(418, 77, 'touched_on', '1371110151.000'),
(419, 78, 'touched_on', '1371110151.000'),
(420, 79, 'touched_on', '1371110151.000'),
(421, 80, 'touched_on', '1371110151.000'),
(422, 81, 'touched_on', '1371110151.000'),
(423, 82, 'touched_on', '1371110151.000'),
(424, 83, 'touched_on', '1371110151.000'),
(425, 84, 'touched_on', '1371110151.000'),
(426, 85, 'touched_on', '1371110151.000'),
(427, 86, 'touched_on', '1371110151.000'),
(428, 87, 'touched_on', '1371110151.000'),
(429, 88, 'touched_on', '1371110151.000'),
(430, 89, 'touched_on', '1371110151.000'),
(431, 90, 'touched_on', '1371110151.000'),
(432, 91, 'touched_on', '1371110151.000'),
(433, 92, 'touched_on', '1371110151.000'),
(434, 93, 'touched_on', '1371110151.000'),
(435, 94, 'touched_on', '1371110151.000'),
(436, 95, 'touched_on', '1371110151.000'),
(437, 96, 'touched_on', '1371110151.000'),
(438, 97, 'touched_on', '1371110151.000'),
(439, 98, 'touched_on', '1371110151.000'),
(440, 99, 'touched_on', '1371110151.000'),
(441, 100, 'touched_on', '1371110151.000'),
(442, 101, 'touched_on', '1371110151.000'),
(443, 102, 'touched_on', '1371110151.000'),
(444, 103, 'touched_on', '1371110151.000'),
(445, 104, 'touched_on', '1371110151.000'),
(446, 105, 'touched_on', '1371110151.000'),
(447, 106, 'touched_on', '1371110151.000'),
(448, 107, 'touched_on', '1371110151.000'),
(449, 108, 'touched_on', '1371110151.000'),
(450, 19, 'id', '19.000'),
(451, 19, 'user_id', '1.000'),
(452, 109, 'touched_on', '1371205661.000'),
(453, 110, 'touched_on', '1371538388.000'),
(454, 110, 'id', '110.000'),
(455, 110, 'user_id', '1.000');

-- --------------------------------------------------------

--
-- Sukurta duomenų struktūra lentelei `values_text`
--

CREATE TABLE IF NOT EXISTS `values_text` (
  `id` int(11) NOT NULL AUTO_INCREMENT,
  `oid` int(11) DEFAULT NULL,
  `name` varchar(255) COLLATE utf8_lithuanian_ci DEFAULT NULL,
  `value` varchar(255) COLLATE utf8_lithuanian_ci DEFAULT NULL,
  PRIMARY KEY (`id`)
) ENGINE=InnoDB  DEFAULT CHARSET=utf8 COLLATE=utf8_lithuanian_ci AUTO_INCREMENT=208 ;

--
-- Sukurta duomenų kopija lentelei `values_text`
--

INSERT INTO `values_text` (`id`, `oid`, `name`, `value`) VALUES
(27, 2, 'city', 'Vilnius'),
(44, 1, 'city', 'Vilnius'),
(46, 16, 'city', 'Panevezys'),
(48, 8, 'city', 'Panevezys'),
(49, 10, 'city', 'Siauliai'),
(50, 12, 'city', 'Vilnius'),
(51, 6, 'city', 'Vilnius'),
(52, 4, 'city', 'Vilnius'),
(70, 3, 'city', 'Vilnius'),
(71, 3, 'district', 'Naujamiestis'),
(72, 3, 'street', 'Pylimo 10'),
(75, 9, 'city', 'Vilnius'),
(76, 9, 'district', 'Pasilaiciai'),
(77, 9, 'street', 'Ukmerges'),
(79, 7, 'city', 'Utena'),
(80, 7, 'street', 'J. Basanaviciaus'),
(85, 5, 'city', 'Kaunas'),
(86, 19, 'city', 'Vilnius'),
(87, 20, 'city', 'Kaunas'),
(88, 21, 'city', 'Vilnius'),
(89, 22, 'city', 'Kaunas'),
(90, 23, 'city', 'Vilnius'),
(91, 24, 'city', 'Kaunas'),
(92, 25, 'city', 'Vilnius'),
(93, 26, 'city', 'Kaunas'),
(94, 27, 'my_real_id', 'some of my reals'),
(95, 27, 'city', 'Vilnius'),
(96, 28, 'my_real_id', 'some of my reals'),
(97, 28, 'city', 'Kaunas'),
(98, 29, 'my_real_id', 'some of my reals'),
(99, 29, 'city', 'Vilnius'),
(100, 30, 'my_real_id', 'some of my reals'),
(101, 30, 'city', 'Kaunas'),
(102, 31, 'my_real_id', 'some of my reals'),
(103, 31, 'city', 'Vilnius'),
(104, 32, 'my_real_id', 'some of my reals'),
(105, 32, 'city', 'Kaunas'),
(106, 33, 'my_real_id', 'some of my reals'),
(107, 33, 'city', 'Vilnius'),
(108, 34, 'my_real_id', 'some of my reals'),
(109, 34, 'city', 'Kaunas'),
(110, 35, 'my_real_id', 'some of my reals'),
(111, 35, 'city', 'Vilnius'),
(112, 36, 'my_real_id', 'some of my reals'),
(113, 36, 'city', 'Kaunas'),
(114, 37, 'my_real_id', 'some of my reals'),
(115, 37, 'city', 'Vilnius'),
(116, 38, 'my_real_id', 'some of my reals'),
(117, 38, 'city', 'Kaunas'),
(118, 39, 'my_real_id', 'myreal15688'),
(119, 39, 'city', 'Vilnius'),
(120, 40, 'my_real_id', 'my real14305'),
(121, 40, 'city', 'Kaunas'),
(122, 41, 'my_real_id', 'myreal15688'),
(123, 41, 'city', 'Vilnius'),
(124, 42, 'my_real_id', 'my real14305'),
(125, 42, 'city', 'Kaunas'),
(126, 43, 'my_real_id', 'myreal17506'),
(127, 43, 'city', 'Vilnius'),
(128, 44, 'my_real_id', 'myreal10739'),
(129, 44, 'city', 'Kaunas'),
(130, 45, 'my_real_id', 'myrealyyyy'),
(131, 45, 'city', 'Vilnius'),
(133, 46, 'city', 'Kaunas'),
(148, 46, 'my_real_id', 'myrealxxxx'),
(149, 11, 'city', 'Vilnius'),
(150, 53, 'city', 'Siauliai'),
(151, 54, 'city', 'Siauliai'),
(152, 55, 'city', 'Siauliai'),
(153, 56, 'city', 'Panevezys'),
(154, 57, 'city', 'Alytus'),
(155, 58, 'city', 'Siauliai'),
(156, 59, 'city', 'Kaunas'),
(157, 60, 'city', 'Klaipeda'),
(158, 61, 'city', 'Panevezys'),
(159, 62, 'city', 'Kaunas'),
(160, 63, 'city', 'Jurbarkas'),
(161, 64, 'city', 'Vilnius'),
(162, 65, 'city', 'Kaunas'),
(163, 66, 'city', 'Vilnius'),
(164, 67, 'city', 'Varena'),
(165, 68, 'city', 'Palanga'),
(166, 69, 'city', 'Palanga'),
(167, 70, 'city', 'Palanga'),
(168, 71, 'city', 'Utena'),
(169, 69, 'street', 'Basanaviciaus 1'),
(170, 72, 'city', 'Utena'),
(171, 73, 'city', 'Vilnius'),
(172, 74, 'city', 'Vilnius'),
(173, 75, 'city', 'Vilnius'),
(174, 76, 'city', 'Vilnius'),
(175, 77, 'city', 'Vilnius'),
(176, 78, 'city', 'Vilnius'),
(177, 79, 'city', 'Vilnius'),
(178, 80, 'city', 'Vilnius'),
(179, 81, 'city', 'Vilnius'),
(180, 82, 'city', 'Vilnius'),
(181, 83, 'city', 'Vilnius'),
(182, 84, 'city', 'Vilnius'),
(183, 85, 'city', 'Vilnius'),
(184, 86, 'city', 'Vilnius'),
(185, 87, 'city', 'Vilnius'),
(186, 88, 'city', 'Vilnius'),
(187, 89, 'city', 'Vilnius'),
(188, 90, 'city', 'Vilnius'),
(189, 91, 'city', 'Vilnius'),
(190, 92, 'city', 'Vilnius'),
(191, 93, 'city', 'Vilnius'),
(192, 94, 'city', 'Vilnius'),
(193, 95, 'city', 'Vilnius'),
(194, 96, 'city', 'Vilnius'),
(195, 97, 'city', 'Vilnius'),
(196, 98, 'city', 'Vilnius'),
(197, 99, 'city', 'Vilnius'),
(198, 100, 'city', 'Vilnius'),
(199, 101, 'city', 'Vilnius'),
(200, 102, 'city', 'Vilnius'),
(201, 103, 'city', 'Vilnius'),
(202, 104, 'city', 'Vilnius'),
(203, 105, 'city', 'Vilnius'),
(204, 106, 'city', 'Vilnius'),
(205, 107, 'city', 'Vilnius'),
(206, 108, 'city', 'Vilnius'),
(207, 110, 'city', 'Vilnius');

-- --------------------------------------------------------

--
-- Sukurta duomenų struktūra lentelei `wallet_lines`
--

CREATE TABLE IF NOT EXISTS `wallet_lines` (
  `id` int(11) NOT NULL AUTO_INCREMENT,
  `attached_to` varchar(255) COLLATE utf8_lithuanian_ci NOT NULL,
  `attached_id` int(11) NOT NULL,
  `wallet_id` int(11) DEFAULT NULL,
  `amount` decimal(12,5) DEFAULT NULL,
  `currency` char(3) COLLATE utf8_lithuanian_ci DEFAULT NULL,
  `amount_left` decimal(12,5) DEFAULT NULL,
  `what` varchar(255) COLLATE utf8_lithuanian_ci DEFAULT NULL,
  `on_` datetime DEFAULT NULL,
  PRIMARY KEY (`id`)
) ENGINE=InnoDB  DEFAULT CHARSET=utf8 COLLATE=utf8_lithuanian_ci AUTO_INCREMENT=41 ;

--
-- Sukurta duomenų kopija lentelei `wallet_lines`
--

INSERT INTO `wallet_lines` (`id`, `attached_to`, `attached_id`, `wallet_id`, `amount`, `currency`, `amount_left`, `what`, `on_`) VALUES
(4, '', 0, 1, '20.00000', 'RMS', '20.00000', 'Initial', '2013-06-06 12:34:53'),
(5, '', 0, 1, '-5.00000', 'RMS', '15.00000', 'Payment for use', '2013-06-06 14:00:10'),
(15, '', 0, 1, '1.00000', 'RMS', '25.00000', 'Real#69 create', '2013-06-07 06:33:34'),
(17, '', 0, 1, '1.00000', 'RMS', '17.00000', 'Real#71 create', '2013-06-07 06:36:26'),
(18, '', 0, 1, '1.00000', 'RMS', '18.00000', 'Real#72 create', '2013-06-07 11:13:57'),
(20, 'SearchAgent', 5, 1, '-1.00000', 'RSM', '17.00000', 'SearchAgent#5, Vilnius with parking', '2013-06-14 09:24:21'),
(21, 'SearchAgent', 6, 1, '-1.00000', 'RSM', '16.00000', 'SearchAgent#6, Vilnius with garage', '2013-06-14 09:28:53'),
(22, 'SearchAgent', 5, 1, '-1.00000', 'RSM', '15.00000', 'SearchAgent#5, Vilnius with parking', '2013-06-14 09:41:22'),
(23, 'SearchAgent', 6, 1, '-1.00000', 'RSM', '14.00000', 'SearchAgent#6, Vilnius with garage', '2013-06-14 09:44:01'),
(24, 'SearchAgent', 5, 1, '-1.00000', 'RSM', '13.00000', 'SearchAgent#5, Vilnius with parking', '2013-06-14 09:56:31'),
(25, 'SearchAgent', 6, 1, '-1.00000', 'RSM', '12.00000', 'SearchAgent#6, Vilnius with garage', '2013-06-14 09:59:30'),
(26, 'SearchAgent', 5, 1, '-1.00000', 'RSM', '11.00000', 'SearchAgent#5, Vilnius with parking', '2013-06-14 10:12:01'),
(27, 'SearchAgent', 6, 1, '-1.00000', 'RSM', '10.00000', 'SearchAgent#6, Vilnius with garage', '2013-06-14 10:18:12'),
(28, '', 0, 1, '4500.00000', 'RSM', '4510.00000', 'Real#109 create', '2013-06-14 10:26:45'),
(29, 'SearchAgent', 5, 1, '-1.00000', 'RSM', '4509.00000', 'SearchAgent#5, Vilnius with parking', '2013-06-14 10:27:15'),
(30, 'SearchAgent', 5, 1, '-1.00000', 'RSM', '4508.00000', 'SearchAgent#5, Vilnius with parking', '2013-06-14 11:17:22'),
(31, 'SearchAgent', 6, 1, '-1.00000', 'RSM', '4507.00000', 'SearchAgent#6, Vilnius with garage', '2013-06-14 11:17:22'),
(32, 'SearchAgent', 5, 1, '-1.00000', 'RSM', '4506.00000', 'SearchAgent#5, Vilnius with parking', '2013-06-17 05:06:55'),
(33, 'SearchAgent', 6, 1, '-1.00000', 'RSM', '4505.00000', 'SearchAgent#6, Vilnius with garage', '2013-06-17 05:06:55'),
(34, 'SearchAgent', 5, 1, '-1.00000', 'RSM', '4504.00000', 'SearchAgent#5, Vilnius with parking', '2013-06-17 05:26:35'),
(35, 'SearchAgent', 6, 1, '-1.00000', 'RSM', '4503.00000', 'SearchAgent#6, Vilnius with garage', '2013-06-17 05:26:35'),
(36, 'SearchAgent', 5, 1, '-1.00000', 'RSM', '4502.00000', 'SearchAgent#5, Vilnius with parking', '2013-06-17 05:42:18'),
(37, 'SearchAgent', 6, 1, '-1.00000', 'RSM', '4501.00000', 'SearchAgent#6, Vilnius with garage', '2013-06-17 05:42:18'),
(38, 'SearchAgent', 5, 1, '-1.00000', 'RSM', '4500.00000', 'SearchAgent#5, Vilnius with parking', '2013-06-17 05:58:03'),
(39, 'SearchAgent', 6, 1, '-1.00000', 'RSM', '4499.00000', 'SearchAgent#6, Vilnius with garage', '2013-06-17 05:58:03'),
(40, '', 0, 1, '4500.00000', 'RSM', '8999.00000', 'Real#110 create', '2013-06-18 06:52:56');

-- --------------------------------------------------------

--
-- Sukurta duomenų struktūra lentelei `wallets`
--

CREATE TABLE IF NOT EXISTS `wallets` (
  `id` int(11) NOT NULL AUTO_INCREMENT,
  `user_id` int(11) DEFAULT NULL,
  `name` varchar(255) COLLATE utf8_lithuanian_ci DEFAULT NULL,
  `currency` char(3) COLLATE utf8_lithuanian_ci DEFAULT NULL,
  PRIMARY KEY (`id`)
) ENGINE=InnoDB  DEFAULT CHARSET=utf8 COLLATE=utf8_lithuanian_ci AUTO_INCREMENT=2 ;

--
-- Sukurta duomenų kopija lentelei `wallets`
--

INSERT INTO `wallets` (`id`, `user_id`, `name`, `currency`) VALUES
(1, 1, NULL, 'RMS');

/*!40101 SET CHARACTER_SET_CLIENT=@OLD_CHARACTER_SET_CLIENT */;
/*!40101 SET CHARACTER_SET_RESULTS=@OLD_CHARACTER_SET_RESULTS */;
/*!40101 SET COLLATION_CONNECTION=@OLD_COLLATION_CONNECTION */;
